type,data-set,entityid,permission,role
RolePrivilege,0,sample_data:2,abcreate,audit_examiner
RolePrivilege,0,sample_data:3,abdelete,audit_examiner
RolePrivilege,0,sample_data:4,abedit,audit_examiner
RolePrivilege,0,sample_data:5,abview,audit_examiner
RolePrivilege,0,sample_data:6,anytagcreate,audit_examiner
RolePrivilege,0,sample_data:7,anytagdelete,audit_examiner
RolePrivilege,0,sample_data:8,anytagedit,audit_examiner
RolePrivilege,0,sample_data:9,anytagview,audit_examiner
RolePrivilege,0,sample_data:10,abviewsearch,audit_examiner
RolePrivilege,0,sample_data:11,accountbilling,audit_examiner
RolePrivilege,0,sample_data:12,accountclaims,audit_examiner
RolePrivilege,0,sample_data:13,accountcontacts,audit_examiner
RolePrivilege,0,sample_data:14,accountdocs,audit_examiner
RolePrivilege,0,sample_data:15,accounthistory,audit_examiner
RolePrivilege,0,sample_data:16,accountnotes,audit_examiner
RolePrivilege,0,sample_data:17,accountrelations,audit_examiner
RolePrivilege,0,sample_data:18,accountroles,audit_examiner
RolePrivilege,0,sample_data:19,accountsummary,audit_examiner
RolePrivilege,0,sample_data:20,accountworkorders,audit_examiner
RolePrivilege,0,sample_data:21,actcreate,audit_examiner
RolePrivilege,0,sample_data:22,actown,audit_examiner
RolePrivilege,0,sample_data:23,actqueuenext,audit_examiner
RolePrivilege,0,sample_data:24,actraown,audit_examiner
RolePrivilege,0,sample_data:25,actview,audit_examiner
RolePrivilege,0,sample_data:26,advanceaudit,audit_examiner
RolePrivilege,0,sample_data:27,completeaudit,audit_examiner
RolePrivilege,0,sample_data:28,contactclaims,audit_examiner
RolePrivilege,0,sample_data:29,createaudit,audit_examiner
RolePrivilege,0,sample_data:31,createreferralreason,audit_examiner
RolePrivilege,0,sample_data:32,doccreate,audit_examiner
RolePrivilege,0,sample_data:33,docdelete,audit_examiner
RolePrivilege,0,sample_data:34,docedit,audit_examiner
RolePrivilege,0,sample_data:35,docview,audit_examiner
RolePrivilege,0,sample_data:36,editaccountcontacts,audit_examiner
RolePrivilege,0,sample_data:37,editaccountroles,audit_examiner
RolePrivilege,0,sample_data:38,editaccountsummary,audit_examiner
RolePrivilege,0,sample_data:39,editaudit,audit_examiner
RolePrivilege,0,sample_data:40,editintdoc,audit_examiner
RolePrivilege,0,sample_data:41,editintnote,audit_examiner
RolePrivilege,0,sample_data:42,editnonrenewexp,audit_examiner
RolePrivilege,0,sample_data:43,editpolicyroles,audit_examiner
RolePrivilege,0,sample_data:44,editratingoverrides,audit_examiner
RolePrivilege,0,sample_data:45,notecreate,audit_examiner
RolePrivilege,0,sample_data:46,noteedit,audit_examiner
RolePrivilege,0,sample_data:47,noteeditbody,audit_examiner
RolePrivilege,0,sample_data:48,noteview,audit_examiner
RolePrivilege,0,sample_data:49,orgsearch,audit_examiner
RolePrivilege,0,sample_data:50,orgviewagency,audit_examiner
RolePrivilege,0,sample_data:51,orgviewbasic,audit_examiner
RolePrivilege,0,sample_data:52,pfilebilling,audit_examiner
RolePrivilege,0,sample_data:53,pfilecontacts,audit_examiner
RolePrivilege,0,sample_data:54,pfiledetails,audit_examiner
RolePrivilege,0,sample_data:55,pfilepayments,audit_examiner
RolePrivilege,0,sample_data:56,pfilepricing,audit_examiner
RolePrivilege,0,sample_data:57,pfilesummary,audit_examiner
RolePrivilege,0,sample_data:58,pfileworkorders,audit_examiner
RolePrivilege,0,sample_data:59,prodcodeviewbasic,audit_examiner
RolePrivilege,0,sample_data:60,quote,audit_examiner
RolePrivilege,0,sample_data:61,ratingworksheetview,audit_examiner
RolePrivilege,0,sample_data:62,rescheduleaudit,audit_examiner
RolePrivilege,0,sample_data:63,reverseaudit,audit_examiner
RolePrivilege,0,sample_data:64,reviseaudit,audit_examiner
RolePrivilege,0,sample_data:65,searchaccounts,audit_examiner
RolePrivilege,0,sample_data:66,searchactivities,audit_examiner
RolePrivilege,0,sample_data:67,searchcontacts,audit_examiner
RolePrivilege,0,sample_data:68,searchpols,audit_examiner
RolePrivilege,0,sample_data:69,searchprodcodes,audit_examiner
RolePrivilege,0,sample_data:70,sendemail,audit_examiner
RolePrivilege,0,sample_data:71,startaudit,audit_examiner
RolePrivilege,0,sample_data:72,usereditlang,audit_examiner
RolePrivilege,0,sample_data:73,viewaccount,audit_examiner
RolePrivilege,0,sample_data:74,viewaccountholderinfo,audit_examiner
RolePrivilege,0,sample_data:75,viewaudit,audit_examiner
RolePrivilege,0,sample_data:76,viewcancellation,audit_examiner
RolePrivilege,0,sample_data:77,viewhist,audit_examiner
RolePrivilege,0,sample_data:78,viewintdoc,audit_examiner
RolePrivilege,0,sample_data:79,viewintnote,audit_examiner
RolePrivilege,0,sample_data:80,viewissuance,audit_examiner
RolePrivilege,0,sample_data:81,viewmodifiers,audit_examiner
RolePrivilege,0,sample_data:82,viewmyactivities,audit_examiner
RolePrivilege,0,sample_data:83,viewmypolicychanges,audit_examiner
RolePrivilege,0,sample_data:84,viewmyqueues,audit_examiner
RolePrivilege,0,sample_data:85,viewparticipants,audit_examiner
RolePrivilege,0,sample_data:86,viewpolchange,audit_examiner
RolePrivilege,0,sample_data:87,viewpolicyfile,audit_examiner
RolePrivilege,0,sample_data:88,viewprerenewal,audit_examiner
RolePrivilege,0,sample_data:89,viewratingoverrides,audit_examiner
RolePrivilege,0,sample_data:90,viewreinstate,audit_examiner
RolePrivilege,0,sample_data:91,viewrenewal,audit_examiner
RolePrivilege,0,sample_data:92,viewrewrite,audit_examiner
RolePrivilege,0,sample_data:93,viewrewrnewacct,audit_examiner
RolePrivilege,0,sample_data:94,viewriskclaims,audit_examiner
RolePrivilege,0,sample_data:95,viewriskevalissues,audit_examiner
RolePrivilege,0,sample_data:96,viewriskpriorlosses,audit_examiner
RolePrivilege,0,sample_data:97,viewriskpriorpolicies,audit_examiner
RolePrivilege,0,sample_data:98,viewriskrefreasons,audit_examiner
RolePrivilege,0,sample_data:99,viewsubmission,audit_examiner
RolePrivilege,0,sample_data:100,viewworkplan,audit_examiner
RolePrivilege,0,sample_data:101,waiveaudit,audit_examiner
RolePrivilege,0,sample_data:102,withdraw,audit_examiner
RolePrivilege,0,sample_data:103,abcreate,audit_supervisor
RolePrivilege,0,sample_data:104,abdelete,audit_supervisor
RolePrivilege,0,sample_data:105,abedit,audit_supervisor
RolePrivilege,0,sample_data:106,abview,audit_supervisor
RolePrivilege,0,sample_data:107,anytagcreate,audit_supervisor
RolePrivilege,0,sample_data:108,anytagdelete,audit_supervisor
RolePrivilege,0,sample_data:109,anytagedit,audit_supervisor
RolePrivilege,0,sample_data:110,anytagview,audit_supervisor
RolePrivilege,0,sample_data:111,abviewsearch,audit_supervisor
RolePrivilege,0,sample_data:112,accountbilling,audit_supervisor
RolePrivilege,0,sample_data:113,accountclaims,audit_supervisor
RolePrivilege,0,sample_data:114,accountcontacts,audit_supervisor
RolePrivilege,0,sample_data:115,accountdocs,audit_supervisor
RolePrivilege,0,sample_data:116,accounthistory,audit_supervisor
RolePrivilege,0,sample_data:117,accountnotes,audit_supervisor
RolePrivilege,0,sample_data:118,accountrelations,audit_supervisor
RolePrivilege,0,sample_data:119,accountroles,audit_supervisor
RolePrivilege,0,sample_data:120,accountsummary,audit_supervisor
RolePrivilege,0,sample_data:121,accountworkorders,audit_supervisor
RolePrivilege,0,sample_data:122,actcreate,audit_supervisor
RolePrivilege,0,sample_data:123,actown,audit_supervisor
RolePrivilege,0,sample_data:124,actqueuenext,audit_supervisor
RolePrivilege,0,sample_data:125,actraown,audit_supervisor
RolePrivilege,0,sample_data:126,actview,audit_supervisor
RolePrivilege,0,sample_data:127,advanceaudit,audit_supervisor
RolePrivilege,0,sample_data:128,completeaudit,audit_supervisor
RolePrivilege,0,sample_data:129,contactclaims,audit_supervisor
RolePrivilege,0,sample_data:130,createaudit,audit_supervisor
RolePrivilege,0,sample_data:132,createreferralreason,audit_supervisor
RolePrivilege,0,sample_data:133,doccreate,audit_supervisor
RolePrivilege,0,sample_data:134,docdelete,audit_supervisor
RolePrivilege,0,sample_data:135,docedit,audit_supervisor
RolePrivilege,0,sample_data:136,docview,audit_supervisor
RolePrivilege,0,sample_data:137,editaccountcontacts,audit_supervisor
RolePrivilege,0,sample_data:138,editaccountroles,audit_supervisor
RolePrivilege,0,sample_data:139,editaccountsummary,audit_supervisor
RolePrivilege,0,sample_data:140,editaudit,audit_supervisor
RolePrivilege,0,sample_data:141,editintdoc,audit_supervisor
RolePrivilege,0,sample_data:142,editintnote,audit_supervisor
RolePrivilege,0,sample_data:143,editnonrenewexp,audit_supervisor
RolePrivilege,0,sample_data:144,editpolicyroles,audit_supervisor
RolePrivilege,0,sample_data:145,editratingoverrides,audit_supervisor
RolePrivilege,0,sample_data:146,notecreate,audit_supervisor
RolePrivilege,0,sample_data:147,noteedit,audit_supervisor
RolePrivilege,0,sample_data:148,noteeditbody,audit_supervisor
RolePrivilege,0,sample_data:149,noteview,audit_supervisor
RolePrivilege,0,sample_data:150,orgsearch,audit_supervisor
RolePrivilege,0,sample_data:151,orgviewagency,audit_supervisor
RolePrivilege,0,sample_data:152,orgviewbasic,audit_supervisor
RolePrivilege,0,sample_data:153,pfilebilling,audit_supervisor
RolePrivilege,0,sample_data:154,pfilecontacts,audit_supervisor
RolePrivilege,0,sample_data:155,pfiledetails,audit_supervisor
RolePrivilege,0,sample_data:156,pfilepayments,audit_supervisor
RolePrivilege,0,sample_data:157,pfilepricing,audit_supervisor
RolePrivilege,0,sample_data:158,pfilesummary,audit_supervisor
RolePrivilege,0,sample_data:159,pfileworkorders,audit_supervisor
RolePrivilege,0,sample_data:160,prodcodeviewbasic,audit_supervisor
RolePrivilege,0,sample_data:161,quote,audit_supervisor
RolePrivilege,0,sample_data:162,rateimpacttesting,audit_supervisor
RolePrivilege,0,sample_data:163,ratingworksheetview,audit_supervisor
RolePrivilege,0,sample_data:164,rescheduleaudit,audit_supervisor
RolePrivilege,0,sample_data:165,reverseaudit,audit_supervisor
RolePrivilege,0,sample_data:166,reviseaudit,audit_supervisor
RolePrivilege,0,sample_data:167,searchaccounts,audit_supervisor
RolePrivilege,0,sample_data:168,searchactivities,audit_supervisor
RolePrivilege,0,sample_data:169,searchcontacts,audit_supervisor
RolePrivilege,0,sample_data:170,searchpols,audit_supervisor
RolePrivilege,0,sample_data:171,searchprodcodes,audit_supervisor
RolePrivilege,0,sample_data:172,sendemail,audit_supervisor
RolePrivilege,0,sample_data:173,startaudit,audit_supervisor
RolePrivilege,0,sample_data:174,usereditlang,audit_supervisor
RolePrivilege,0,sample_data:175,userroleassignmentbulkassign,audit_supervisor
RolePrivilege,0,sample_data:176,viewaccount,audit_supervisor
RolePrivilege,0,sample_data:177,viewaccountholderinfo,audit_supervisor
RolePrivilege,0,sample_data:178,viewaudit,audit_supervisor
RolePrivilege,0,sample_data:179,viewcancellation,audit_supervisor
RolePrivilege,0,sample_data:180,viewhist,audit_supervisor
RolePrivilege,0,sample_data:181,viewintdoc,audit_supervisor
RolePrivilege,0,sample_data:182,viewintnote,audit_supervisor
RolePrivilege,0,sample_data:183,viewissuance,audit_supervisor
RolePrivilege,0,sample_data:184,viewmodifiers,audit_supervisor
RolePrivilege,0,sample_data:185,viewmyactivities,audit_supervisor
RolePrivilege,0,sample_data:186,viewmypolicychanges,audit_supervisor
RolePrivilege,0,sample_data:187,viewmyqueues,audit_supervisor
RolePrivilege,0,sample_data:188,viewparticipants,audit_supervisor
RolePrivilege,0,sample_data:189,viewpolchange,audit_supervisor
RolePrivilege,0,sample_data:190,viewpolicyfile,audit_supervisor
RolePrivilege,0,sample_data:191,viewprerenewal,audit_supervisor
RolePrivilege,0,sample_data:192,viewratingoverrides,audit_supervisor
RolePrivilege,0,sample_data:193,viewreinstate,audit_supervisor
RolePrivilege,0,sample_data:194,viewrenewal,audit_supervisor
RolePrivilege,0,sample_data:195,viewrewrite,audit_supervisor
RolePrivilege,0,sample_data:196,viewrewrnewacct,audit_supervisor
RolePrivilege,0,sample_data:197,viewriskclaims,audit_supervisor
RolePrivilege,0,sample_data:198,viewriskevalissues,audit_supervisor
RolePrivilege,0,sample_data:199,viewriskpriorlosses,audit_supervisor
RolePrivilege,0,sample_data:200,viewriskpriorpolicies,audit_supervisor
RolePrivilege,0,sample_data:201,viewriskrefreasons,audit_supervisor
RolePrivilege,0,sample_data:202,viewsubmission,audit_supervisor
RolePrivilege,0,sample_data:203,viewteam,audit_supervisor
RolePrivilege,0,sample_data:204,viewworkplan,audit_supervisor
RolePrivilege,0,sample_data:205,waiveaudit,audit_supervisor
RolePrivilege,0,sample_data:206,withdraw,audit_supervisor
RolePrivilege,0,sample_data:207,abview,claims_adjuster
RolePrivilege,0,sample_data:208,anytagview,claims_adjuster
RolePrivilege,0,sample_data:209,abviewsearch,claims_adjuster
RolePrivilege,0,sample_data:210,actview,claims_adjuster
RolePrivilege,0,sample_data:211,ctcview,claims_adjuster
RolePrivilege,0,sample_data:212,docview,claims_adjuster
RolePrivilege,0,sample_data:213,lvprint,claims_adjuster
RolePrivilege,0,sample_data:214,noteview,claims_adjuster
RolePrivilege,0,sample_data:215,pfilebilling,claims_adjuster
RolePrivilege,0,sample_data:216,pfilecontacts,claims_adjuster
RolePrivilege,0,sample_data:217,pfiledetails,claims_adjuster
RolePrivilege,0,sample_data:218,pfilepayments,claims_adjuster
RolePrivilege,0,sample_data:219,pfilepricing,claims_adjuster
RolePrivilege,0,sample_data:220,pfilesummary,claims_adjuster
RolePrivilege,0,sample_data:221,pfileworkorders,claims_adjuster
RolePrivilege,0,sample_data:222,searchpols,claims_adjuster
RolePrivilege,0,sample_data:223,viewaudit,claims_adjuster
RolePrivilege,0,sample_data:224,viewbillingsystem,claims_adjuster
RolePrivilege,0,sample_data:225,viewcancellation,claims_adjuster
RolePrivilege,0,sample_data:226,viewclaimsystem,claims_adjuster
RolePrivilege,0,sample_data:227,viewhist,claims_adjuster
RolePrivilege,0,sample_data:228,viewissuance,claims_adjuster
RolePrivilege,0,sample_data:229,viewmodifiers,claims_adjuster
RolePrivilege,0,sample_data:230,viewparticipants,claims_adjuster
RolePrivilege,0,sample_data:231,viewpolchange,claims_adjuster
RolePrivilege,0,sample_data:232,viewpolicyfile,claims_adjuster
RolePrivilege,0,sample_data:233,viewreinstate,claims_adjuster
RolePrivilege,0,sample_data:234,viewrenewal,claims_adjuster
RolePrivilege,0,sample_data:235,viewrewrite,claims_adjuster
RolePrivilege,0,sample_data:236,viewrewrnewacct,claims_adjuster
RolePrivilege,0,sample_data:237,viewsubmission,claims_adjuster
RolePrivilege,0,sample_data:238,viewworkplan,claims_adjuster
RolePrivilege,0,sample_data:239,actcreate,community_admin
RolePrivilege,0,sample_data:240,actpatcreate,community_admin
RolePrivilege,0,sample_data:241,actpatdelete,community_admin
RolePrivilege,0,sample_data:242,actpatedit,community_admin
RolePrivilege,0,sample_data:243,actpatview,community_admin
RolePrivilege,0,sample_data:244,affinitygroupadmin,community_admin
RolePrivilege,0,sample_data:245,attrmanage,community_admin
RolePrivilege,0,sample_data:246,attrview,community_admin
RolePrivilege,0,sample_data:247,authprofileassignedit,community_admin
RolePrivilege,0,sample_data:248,authprofileassignview,community_admin
RolePrivilege,0,sample_data:249,authprofileview,community_admin
RolePrivilege,0,sample_data:250,groupcreate,community_admin
RolePrivilege,0,sample_data:251,groupdelete,community_admin
RolePrivilege,0,sample_data:252,groupedit,community_admin
RolePrivilege,0,sample_data:253,grouptreeview,community_admin
RolePrivilege,0,sample_data:254,groupview,community_admin
RolePrivilege,0,sample_data:255,holidaymanage,community_admin
RolePrivilege,0,sample_data:256,holidayview,community_admin
RolePrivilege,0,sample_data:257,manageldfctrs,community_admin
RolePrivilege,0,sample_data:258,orgcreate,community_admin
RolePrivilege,0,sample_data:259,orgdelete,community_admin
RolePrivilege,0,sample_data:260,orgdeleteex,community_admin
RolePrivilege,0,sample_data:261,orgeditagency,community_admin
RolePrivilege,0,sample_data:262,orgeditbasic,community_admin
RolePrivilege,0,sample_data:263,orgeditbasicex,community_admin
RolePrivilege,0,sample_data:264,orgsearch,community_admin
RolePrivilege,0,sample_data:265,orgviewagency,community_admin
RolePrivilege,0,sample_data:266,orgviewbasic,community_admin
RolePrivilege,0,sample_data:267,orgviewextmgt,community_admin
RolePrivilege,0,sample_data:268,prodcodecreate,community_admin
RolePrivilege,0,sample_data:269,prodcodedelete,community_admin
RolePrivilege,0,sample_data:270,prodcodeeditaddr,community_admin
RolePrivilege,0,sample_data:271,prodcodeeditbasic,community_admin
RolePrivilege,0,sample_data:272,prodcodeeditprefuw,community_admin
RolePrivilege,0,sample_data:273,prodcodeviewbasic,community_admin
RolePrivilege,0,sample_data:274,prodcodeviewprefuw,community_admin
RolePrivilege,0,sample_data:275,regionmanage,community_admin
RolePrivilege,0,sample_data:276,regionview,community_admin
RolePrivilege,0,sample_data:277,roleedittype,community_admin
RolePrivilege,0,sample_data:278,rolemanage,community_admin
RolePrivilege,0,sample_data:279,roleview,community_admin
RolePrivilege,0,sample_data:280,searchprodcodes,community_admin
RolePrivilege,0,sample_data:281,seczonemanage,community_admin
RolePrivilege,0,sample_data:282,usercreate,community_admin
RolePrivilege,0,sample_data:283,userdelete,community_admin
RolePrivilege,0,sample_data:284,useredit,community_admin
RolePrivilege,0,sample_data:285,usereditattrs,community_admin
RolePrivilege,0,sample_data:286,usereditlang,community_admin
RolePrivilege,0,sample_data:287,usereditpcsec,community_admin
RolePrivilege,0,sample_data:288,useredittype,community_admin
RolePrivilege,0,sample_data:289,usergrantroles,community_admin
RolePrivilege,0,sample_data:290,userroleassignmentbulkassign,community_admin
RolePrivilege,0,sample_data:291,userview,community_admin
RolePrivilege,0,sample_data:292,userviewall,community_admin
RolePrivilege,0,sample_data:293,viewmyactivities,community_admin
RolePrivilege,0,sample_data:294,viewteam,community_admin
RolePrivilege,0,sample_data:295,formpatcreate,forms_admin
RolePrivilege,0,sample_data:296,formpatdelete,forms_admin
RolePrivilege,0,sample_data:297,formpatedit,forms_admin
RolePrivilege,0,sample_data:298,formpatview,forms_admin
RolePrivilege,0,sample_data:299,eventmessageview,integration_admin
RolePrivilege,0,sample_data:300,integadmin,integration_admin
RolePrivilege,0,sample_data:301,lvprint,integration_admin
RolePrivilege,0,sample_data:302,noteview,integration_admin
RolePrivilege,0,sample_data:303,retrymessage,integration_admin
RolePrivilege,0,sample_data:304,searchactivities,integration_admin
RolePrivilege,0,sample_data:305,skipmessage,integration_admin
RolePrivilege,0,sample_data:306,soapadmin,integration_admin
RolePrivilege,0,sample_data:307,usereditlang,integration_admin
RolePrivilege,0,sample_data:308,abcreate,premium_auditor
RolePrivilege,0,sample_data:309,abdelete,premium_auditor
RolePrivilege,0,sample_data:310,abedit,premium_auditor
RolePrivilege,0,sample_data:311,abview,premium_auditor
RolePrivilege,0,sample_data:312,anytagcreate,premium_auditor
RolePrivilege,0,sample_data:313,anytagdelete,premium_auditor
RolePrivilege,0,sample_data:314,anytagedit,premium_auditor
RolePrivilege,0,sample_data:315,anytagview,premium_auditor
RolePrivilege,0,sample_data:316,abviewsearch,premium_auditor
RolePrivilege,0,sample_data:317,accountbilling,premium_auditor
RolePrivilege,0,sample_data:318,accountclaims,premium_auditor
RolePrivilege,0,sample_data:319,accountcontacts,premium_auditor
RolePrivilege,0,sample_data:320,accountdocs,premium_auditor
RolePrivilege,0,sample_data:321,accounthistory,premium_auditor
RolePrivilege,0,sample_data:322,accountnotes,premium_auditor
RolePrivilege,0,sample_data:323,accountrelations,premium_auditor
RolePrivilege,0,sample_data:324,accountroles,premium_auditor
RolePrivilege,0,sample_data:325,accountsummary,premium_auditor
RolePrivilege,0,sample_data:326,accountworkorders,premium_auditor
RolePrivilege,0,sample_data:327,actcreate,premium_auditor
RolePrivilege,0,sample_data:328,actown,premium_auditor
RolePrivilege,0,sample_data:329,actqueuenext,premium_auditor
RolePrivilege,0,sample_data:330,actraown,premium_auditor
RolePrivilege,0,sample_data:331,actview,premium_auditor
RolePrivilege,0,sample_data:332,advanceaudit,premium_auditor
RolePrivilege,0,sample_data:333,contactclaims,premium_auditor
RolePrivilege,0,sample_data:335,createreferralreason,premium_auditor
RolePrivilege,0,sample_data:336,doccreate,premium_auditor
RolePrivilege,0,sample_data:337,docdelete,premium_auditor
RolePrivilege,0,sample_data:338,docedit,premium_auditor
RolePrivilege,0,sample_data:339,docview,premium_auditor
RolePrivilege,0,sample_data:340,editaccountcontacts,premium_auditor
RolePrivilege,0,sample_data:341,editaccountroles,premium_auditor
RolePrivilege,0,sample_data:342,editaccountsummary,premium_auditor
RolePrivilege,0,sample_data:343,editaudit,premium_auditor
RolePrivilege,0,sample_data:344,editintdoc,premium_auditor
RolePrivilege,0,sample_data:345,editintnote,premium_auditor
RolePrivilege,0,sample_data:346,editnonrenewexp,premium_auditor
RolePrivilege,0,sample_data:347,editpolicyroles,premium_auditor
RolePrivilege,0,sample_data:348,editratingoverrides,premium_auditor
RolePrivilege,0,sample_data:349,notecreate,premium_auditor
RolePrivilege,0,sample_data:350,noteedit,premium_auditor
RolePrivilege,0,sample_data:351,noteeditbody,premium_auditor
RolePrivilege,0,sample_data:352,noteview,premium_auditor
RolePrivilege,0,sample_data:353,orgsearch,premium_auditor
RolePrivilege,0,sample_data:354,orgviewagency,premium_auditor
RolePrivilege,0,sample_data:355,orgviewbasic,premium_auditor
RolePrivilege,0,sample_data:356,pfilebilling,premium_auditor
RolePrivilege,0,sample_data:357,pfilecontacts,premium_auditor
RolePrivilege,0,sample_data:358,pfiledetails,premium_auditor
RolePrivilege,0,sample_data:359,pfilepayments,premium_auditor
RolePrivilege,0,sample_data:360,pfilepricing,premium_auditor
RolePrivilege,0,sample_data:361,pfilesummary,premium_auditor
RolePrivilege,0,sample_data:362,pfileworkorders,premium_auditor
RolePrivilege,0,sample_data:363,prodcodeviewbasic,premium_auditor
RolePrivilege,0,sample_data:364,quote,premium_auditor
RolePrivilege,0,sample_data:365,ratingworksheetview,premium_auditor
RolePrivilege,0,sample_data:366,rescheduleaudit,premium_auditor
RolePrivilege,0,sample_data:368,searchaccounts,premium_auditor
RolePrivilege,0,sample_data:369,searchactivities,premium_auditor
RolePrivilege,0,sample_data:370,searchcontacts,premium_auditor
RolePrivilege,0,sample_data:371,searchpols,premium_auditor
RolePrivilege,0,sample_data:372,searchprodcodes,premium_auditor
RolePrivilege,0,sample_data:373,sendemail,premium_auditor
RolePrivilege,0,sample_data:374,usereditlang,premium_auditor
RolePrivilege,0,sample_data:375,viewaccount,premium_auditor
RolePrivilege,0,sample_data:376,viewaccountholderinfo,premium_auditor
RolePrivilege,0,sample_data:377,viewaudit,premium_auditor
RolePrivilege,0,sample_data:378,viewcancellation,premium_auditor
RolePrivilege,0,sample_data:379,viewhist,premium_auditor
RolePrivilege,0,sample_data:380,viewintdoc,premium_auditor
RolePrivilege,0,sample_data:381,viewintnote,premium_auditor
RolePrivilege,0,sample_data:382,viewissuance,premium_auditor
RolePrivilege,0,sample_data:383,viewmodifiers,premium_auditor
RolePrivilege,0,sample_data:384,viewmyactivities,premium_auditor
RolePrivilege,0,sample_data:385,viewmypolicychanges,premium_auditor
RolePrivilege,0,sample_data:386,viewparticipants,premium_auditor
RolePrivilege,0,sample_data:387,viewpolchange,premium_auditor
RolePrivilege,0,sample_data:388,viewpolicyfile,premium_auditor
RolePrivilege,0,sample_data:389,viewprerenewal,premium_auditor
RolePrivilege,0,sample_data:390,viewratingoverrides,premium_auditor
RolePrivilege,0,sample_data:391,viewreinstate,premium_auditor
RolePrivilege,0,sample_data:392,viewrenewal,premium_auditor
RolePrivilege,0,sample_data:393,viewrewrite,premium_auditor
RolePrivilege,0,sample_data:394,viewrewrnewacct,premium_auditor
RolePrivilege,0,sample_data:395,viewriskclaims,premium_auditor
RolePrivilege,0,sample_data:396,viewriskevalissues,premium_auditor
RolePrivilege,0,sample_data:397,viewriskpriorlosses,premium_auditor
RolePrivilege,0,sample_data:398,viewriskpriorpolicies,premium_auditor
RolePrivilege,0,sample_data:399,viewriskrefreasons,premium_auditor
RolePrivilege,0,sample_data:400,viewsubmission,premium_auditor
RolePrivilege,0,sample_data:401,viewworkplan,premium_auditor
RolePrivilege,0,sample_data:402,abcreate,producer
RolePrivilege,0,sample_data:403,abdelete,producer
RolePrivilege,0,sample_data:404,abedit,producer
RolePrivilege,0,sample_data:405,abview,producer
RolePrivilege,0,sample_data:406,anytagcreate,producer
RolePrivilege,0,sample_data:407,anytagdelete,producer
RolePrivilege,0,sample_data:408,anytagedit,producer
RolePrivilege,0,sample_data:409,anytagview,producer
RolePrivilege,0,sample_data:410,accountbilling,producer
RolePrivilege,0,sample_data:411,accountclaims,producer
RolePrivilege,0,sample_data:412,accountcontacts,producer
RolePrivilege,0,sample_data:413,accountcreate,producer
RolePrivilege,0,sample_data:414,accountdocs,producer
RolePrivilege,0,sample_data:415,accounthistory,producer
RolePrivilege,0,sample_data:416,accountmovepolicies,producer
RolePrivilege,0,sample_data:417,accountnotes,producer
RolePrivilege,0,sample_data:418,accountrelations,producer
RolePrivilege,0,sample_data:419,accountreopen,producer
RolePrivilege,0,sample_data:420,accountrewritepolicies,producer
RolePrivilege,0,sample_data:421,accountroles,producer
RolePrivilege,0,sample_data:422,accountsummary,producer
RolePrivilege,0,sample_data:423,accountwithdraw,producer
RolePrivilege,0,sample_data:424,accountworkorders,producer
RolePrivilege,0,sample_data:425,actcreate,producer
RolePrivilege,0,sample_data:426,actown,producer
RolePrivilege,0,sample_data:427,actraown,producer
RolePrivilege,0,sample_data:428,actview,producer
RolePrivilege,0,sample_data:429,advancecancellation,producer
RolePrivilege,0,sample_data:430,advanceissuance,producer
RolePrivilege,0,sample_data:431,advancepolchange,producer
RolePrivilege,0,sample_data:432,advancereinstate,producer
RolePrivilege,0,sample_data:433,advancerenewal,producer
RolePrivilege,0,sample_data:434,advancerewrite,producer
RolePrivilege,0,sample_data:435,advancerewrnewacct,producer
RolePrivilege,0,sample_data:436,advancesubmission,producer
RolePrivilege,0,sample_data:437,bindcancellation,producer
RolePrivilege,0,sample_data:438,bindpolchange,producer
RolePrivilege,0,sample_data:439,bindsubmission,producer
RolePrivilege,0,sample_data:440,cancelovereffdate,producer
RolePrivilege,0,sample_data:441,contactclaims,producer
RolePrivilege,0,sample_data:442,copypolicydata,producer
RolePrivilege,0,sample_data:443,createcancellation,producer
RolePrivilege,0,sample_data:444,createpolchange,producer
RolePrivilege,0,sample_data:445,createrenewal,producer
RolePrivilege,0,sample_data:446,createsubmission,producer
RolePrivilege,0,sample_data:447,splitpolicy,producer
RolePrivilege,0,sample_data:448,doccreate,producer
RolePrivilege,0,sample_data:449,docdelete,producer
RolePrivilege,0,sample_data:450,docedit,producer
RolePrivilege,0,sample_data:451,docview,producer
RolePrivilege,0,sample_data:452,editaccountcontacts,producer
RolePrivilege,0,sample_data:453,editaccountsummary,producer
RolePrivilege,0,sample_data:454,editcancellation,producer
RolePrivilege,0,sample_data:455,editnonrenewexp,producer
RolePrivilege,0,sample_data:456,editpolchange,producer
RolePrivilege,0,sample_data:457,editrenewal,producer
RolePrivilege,0,sample_data:458,editsubmission,producer
RolePrivilege,0,sample_data:459,issue,producer
RolePrivilege,0,sample_data:460,jobcopy,producer
RolePrivilege,0,sample_data:461,mergeaccounts,producer
RolePrivilege,0,sample_data:462,notecreate,producer
RolePrivilege,0,sample_data:463,noteedit,producer
RolePrivilege,0,sample_data:464,noteeditbody,producer
RolePrivilege,0,sample_data:465,noteview,producer
RolePrivilege,0,sample_data:466,nottakensubmission,producer
RolePrivilege,0,sample_data:467,pfilebilling,producer
RolePrivilege,0,sample_data:468,pfilecontacts,producer
RolePrivilege,0,sample_data:469,pfiledetails,producer
RolePrivilege,0,sample_data:470,pfilepayments,producer
RolePrivilege,0,sample_data:471,pfilepricing,producer
RolePrivilege,0,sample_data:472,pfilesummary,producer
RolePrivilege,0,sample_data:473,pfileworkorders,producer
RolePrivilege,0,sample_data:474,quote,producer
RolePrivilege,0,sample_data:475,searchaccounts,producer
RolePrivilege,0,sample_data:476,searchactivities,producer
RolePrivilege,0,sample_data:477,searchcontacts,producer
RolePrivilege,0,sample_data:478,searchpols,producer
RolePrivilege,0,sample_data:479,sendemail,producer
RolePrivilege,0,sample_data:480,usereditlang,producer
RolePrivilege,0,sample_data:481,viewaccount,producer
RolePrivilege,0,sample_data:482,viewaccountholderinfo,producer
RolePrivilege,0,sample_data:483,viewaudit,producer
RolePrivilege,0,sample_data:484,viewcancellation,producer
RolePrivilege,0,sample_data:485,viewhist,producer
RolePrivilege,0,sample_data:486,viewissuance,producer
RolePrivilege,0,sample_data:487,viewmyaccounts,producer
RolePrivilege,0,sample_data:488,viewmyactivities,producer
RolePrivilege,0,sample_data:489,viewmypolicychanges,producer
RolePrivilege,0,sample_data:490,viewmyrenewals,producer
RolePrivilege,0,sample_data:491,viewmysubmissions,producer
RolePrivilege,0,sample_data:492,viewpolchange,producer
RolePrivilege,0,sample_data:493,viewpolicyfile,producer
RolePrivilege,0,sample_data:494,viewprerenewal,producer
RolePrivilege,0,sample_data:495,viewproducerstyledesktopdetails,producer
RolePrivilege,0,sample_data:496,viewreinstate,producer
RolePrivilege,0,sample_data:497,viewrenewal,producer
RolePrivilege,0,sample_data:498,viewrewrite,producer
RolePrivilege,0,sample_data:499,viewrewrnewacct,producer
RolePrivilege,0,sample_data:500,viewriskclaims,producer
RolePrivilege,0,sample_data:501,viewriskevalissues,producer
RolePrivilege,0,sample_data:502,viewriskpriorlosses,producer
RolePrivilege,0,sample_data:503,viewriskpriorpolicies,producer
RolePrivilege,0,sample_data:504,viewsubmission,producer
RolePrivilege,0,sample_data:505,viewworkplan,producer
RolePrivilege,0,sample_data:506,withdraw,producer
RolePrivilege,0,sample_data:507,abedit,producercode_basics
RolePrivilege,0,sample_data:508,anytagedit,producercode_basics
RolePrivilege,0,sample_data:509,accountbilling,producercode_basics
RolePrivilege,0,sample_data:510,accountclaims,producercode_basics
RolePrivilege,0,sample_data:511,accountcontacts,producercode_basics
RolePrivilege,0,sample_data:512,accountcreate,producercode_basics
RolePrivilege,0,sample_data:513,accountdocs,producercode_basics
RolePrivilege,0,sample_data:514,accounthistory,producercode_basics
RolePrivilege,0,sample_data:515,accountmovepolicies,producercode_basics
RolePrivilege,0,sample_data:516,accountnotes,producercode_basics
RolePrivilege,0,sample_data:517,accountrelations,producercode_basics
RolePrivilege,0,sample_data:518,accountreopen,producercode_basics
RolePrivilege,0,sample_data:519,accountrewritepolicies,producercode_basics
RolePrivilege,0,sample_data:520,accountroles,producercode_basics
RolePrivilege,0,sample_data:521,accountsummary,producercode_basics
RolePrivilege,0,sample_data:522,accountwithdraw,producercode_basics
RolePrivilege,0,sample_data:523,accountworkorders,producercode_basics
RolePrivilege,0,sample_data:524,actcreate,producercode_basics
RolePrivilege,0,sample_data:525,actown,producercode_basics
RolePrivilege,0,sample_data:526,actview,producercode_basics
RolePrivilege,0,sample_data:527,cancelovereffdate,producercode_basics
RolePrivilege,0,sample_data:528,contactclaims,producercode_basics
RolePrivilege,0,sample_data:529,copypolicydata,producercode_basics
RolePrivilege,0,sample_data:530,splitpolicy,producercode_basics
RolePrivilege,0,sample_data:531,doccreate,producercode_basics
RolePrivilege,0,sample_data:532,docdelete,producercode_basics
RolePrivilege,0,sample_data:533,docedit,producercode_basics
RolePrivilege,0,sample_data:534,docview,producercode_basics
RolePrivilege,0,sample_data:535,editaccountcontacts,producercode_basics
RolePrivilege,0,sample_data:536,editaccountroles,producercode_basics
RolePrivilege,0,sample_data:537,editaccountsummary,producercode_basics
RolePrivilege,0,sample_data:538,editnonrenewexp,producercode_basics
RolePrivilege,0,sample_data:539,editpolicyroles,producercode_basics
RolePrivilege,0,sample_data:540,editprerenewal,producercode_basics
RolePrivilege,0,sample_data:541,jobcopy,producercode_basics
RolePrivilege,0,sample_data:542,mergeaccounts,producercode_basics
RolePrivilege,0,sample_data:543,notecreate,producercode_basics
RolePrivilege,0,sample_data:544,noteedit,producercode_basics
RolePrivilege,0,sample_data:545,noteeditbody,producercode_basics
RolePrivilege,0,sample_data:546,noteview,producercode_basics
RolePrivilege,0,sample_data:547,nottakensubmission,producercode_basics
RolePrivilege,0,sample_data:548,pfilebilling,producercode_basics
RolePrivilege,0,sample_data:549,pfilecontacts,producercode_basics
RolePrivilege,0,sample_data:550,pfiledetails,producercode_basics
RolePrivilege,0,sample_data:551,pfilepayments,producercode_basics
RolePrivilege,0,sample_data:552,pfilepricing,producercode_basics
RolePrivilege,0,sample_data:553,pfilesummary,producercode_basics
RolePrivilege,0,sample_data:554,pfileworkorders,producercode_basics
RolePrivilege,0,sample_data:555,searchaccounts,producercode_basics
RolePrivilege,0,sample_data:556,searchactivities,producercode_basics
RolePrivilege,0,sample_data:557,searchpols,producercode_basics
RolePrivilege,0,sample_data:558,sendemail,producercode_basics
RolePrivilege,0,sample_data:559,viewaccount,producercode_basics
RolePrivilege,0,sample_data:560,viewaccountholderinfo,producercode_basics
RolePrivilege,0,sample_data:561,viewaudit,producercode_basics
RolePrivilege,0,sample_data:562,viewcancellation,producercode_basics
RolePrivilege,0,sample_data:563,viewhist,producercode_basics
RolePrivilege,0,sample_data:564,viewissuance,producercode_basics
RolePrivilege,0,sample_data:565,viewmyaccounts,producercode_basics
RolePrivilege,0,sample_data:566,viewmyactivities,producercode_basics
RolePrivilege,0,sample_data:567,viewmypolicychanges,producercode_basics
RolePrivilege,0,sample_data:568,viewmyrenewals,producercode_basics
RolePrivilege,0,sample_data:569,viewmysubmissions,producercode_basics
RolePrivilege,0,sample_data:570,viewpolchange,producercode_basics
RolePrivilege,0,sample_data:571,viewpolicyfile,producercode_basics
RolePrivilege,0,sample_data:572,viewprerenewal,producercode_basics
RolePrivilege,0,sample_data:573,viewproducerstyledesktopdetails,producercode_basics
RolePrivilege,0,sample_data:574,viewreinstate,producercode_basics
RolePrivilege,0,sample_data:575,viewrenewal,producercode_basics
RolePrivilege,0,sample_data:576,viewrewrite,producercode_basics
RolePrivilege,0,sample_data:577,viewrewrnewacct,producercode_basics
RolePrivilege,0,sample_data:578,viewriskclaims,producercode_basics
RolePrivilege,0,sample_data:579,viewriskevalissues,producercode_basics
RolePrivilege,0,sample_data:580,viewriskpriorlosses,producercode_basics
RolePrivilege,0,sample_data:581,viewriskpriorpolicies,producercode_basics
RolePrivilege,0,sample_data:582,viewsubmission,producercode_basics
RolePrivilege,0,sample_data:583,viewworkplan,producercode_basics
RolePrivilege,0,sample_data:584,withdraw,producercode_basics
RolePrivilege,0,sample_data:585,advancecancellation,producercode_cancellations
RolePrivilege,0,sample_data:586,bindcancellation,producercode_cancellations
RolePrivilege,0,sample_data:587,createcancellation,producercode_cancellations
RolePrivilege,0,sample_data:588,editcancellation,producercode_cancellations
RolePrivilege,0,sample_data:589,issue,producercode_cancellations
RolePrivilege,0,sample_data:590,quote,producercode_cancellations
RolePrivilege,0,sample_data:591,advancepolchange,producercode_policychanges
RolePrivilege,0,sample_data:592,bindpolchange,producercode_policychanges
RolePrivilege,0,sample_data:593,createpolchange,producercode_policychanges
RolePrivilege,0,sample_data:594,editpolchange,producercode_policychanges
RolePrivilege,0,sample_data:595,issue,producercode_policychanges
RolePrivilege,0,sample_data:596,quote,producercode_policychanges
RolePrivilege,0,sample_data:597,advancerenewal,producercode_renewals
RolePrivilege,0,sample_data:598,createrenewal,producercode_renewals
RolePrivilege,0,sample_data:599,editrenewal,producercode_renewals
RolePrivilege,0,sample_data:600,issue,producercode_renewals
RolePrivilege,0,sample_data:601,quote,producercode_renewals
RolePrivilege,0,sample_data:602,advancesubmission,producercode_submission
RolePrivilege,0,sample_data:603,bindsubmission,producercode_submission
RolePrivilege,0,sample_data:604,createsubmission,producercode_submission
RolePrivilege,0,sample_data:605,editsubmission,producercode_submission
RolePrivilege,0,sample_data:606,issue,producercode_submission
RolePrivilege,0,sample_data:607,quote,producercode_submission
RolePrivilege,0,sample_data:608,ratebookview,rating_analyst
RolePrivilege,0,sample_data:609,ratebookedit,rating_analyst
RolePrivilege,0,sample_data:610,rateimpacttesting,rating_analyst
RolePrivilege,0,sample_data:611,ratingworksheetview,rating_analyst
RolePrivilege,0,sample_data:612,usereditlang,rating_analyst
RolePrivilege,0,sample_data:613,ratebookedit,rating_supervisor
RolePrivilege,0,sample_data:614,ratebookapprove,rating_supervisor
RolePrivilege,0,sample_data:615,ratebookview,rating_supervisor
RolePrivilege,0,sample_data:616,ratingworksheetview,rating_supervisor
RolePrivilege,0,sample_data:617,usereditlang,rating_supervisor
RolePrivilege,0,sample_data:618,abcreate,reinsurance_admin
RolePrivilege,0,sample_data:619,anytagcreate,reinsurance_admin
RolePrivilege,0,sample_data:620,abviewsearch,reinsurance_admin
RolePrivilege,0,sample_data:621,editreinsurancefacagreement,reinsurance_admin
RolePrivilege,0,sample_data:622,editreinsuranceprogram,reinsurance_admin
RolePrivilege,0,sample_data:623,viewreinsuranceforpolicy,reinsurance_admin
RolePrivilege,0,sample_data:624,viewreinsuranceprogram,reinsurance_admin
RolePrivilege,0,sample_data:625,abcreate,reinsurance_manager
RolePrivilege,0,sample_data:626,anytagcreate,reinsurance_manager
RolePrivilege,0,sample_data:627,abviewsearch,reinsurance_manager
RolePrivilege,0,sample_data:628,editreinsuranceactiveprogram,reinsurance_manager
RolePrivilege,0,sample_data:629,editreinsurancefacagreement,reinsurance_manager
RolePrivilege,0,sample_data:630,editreinsuranceforpolicyadvanced,reinsurance_manager
RolePrivilege,0,sample_data:631,editreinsuranceforpolicybasic,reinsurance_manager
RolePrivilege,0,sample_data:632,editreinsuranceprogram,reinsurance_manager
RolePrivilege,0,sample_data:633,viewreinsuranceforpolicy,reinsurance_manager
RolePrivilege,0,sample_data:634,viewreinsuranceprogram,reinsurance_manager
RolePrivilege,0,sample_data:635,ruleadmin,rule_admin
RolePrivilege,0,sample_data:636,abcreate,superuser
RolePrivilege,0,sample_data:637,abdelete,superuser
RolePrivilege,0,sample_data:638,abdeletepref,superuser
RolePrivilege,0,sample_data:639,abedit,superuser
RolePrivilege,0,sample_data:640,abview,superuser
RolePrivilege,0,sample_data:641,anytagcreate,superuser
RolePrivilege,0,sample_data:642,anytagdelete,superuser
RolePrivilege,0,sample_data:643,anytagedit,superuser
RolePrivilege,0,sample_data:644,anytagview,superuser
RolePrivilege,0,sample_data:645,abviewsearch,superuser
RolePrivilege,0,sample_data:646,accountbilling,superuser
RolePrivilege,0,sample_data:647,accountclaims,superuser
RolePrivilege,0,sample_data:648,accountcontacts,superuser
RolePrivilege,0,sample_data:649,accountcreate,superuser
RolePrivilege,0,sample_data:650,accountdocs,superuser
RolePrivilege,0,sample_data:651,accounthistory,superuser
RolePrivilege,0,sample_data:652,accountmovepolicies,superuser
RolePrivilege,0,sample_data:653,accountnotes,superuser
RolePrivilege,0,sample_data:654,accountrelations,superuser
RolePrivilege,0,sample_data:655,accountreopen,superuser
RolePrivilege,0,sample_data:656,accountrewritepolicies,superuser
RolePrivilege,0,sample_data:657,accountroles,superuser
RolePrivilege,0,sample_data:658,accountsummary,superuser
RolePrivilege,0,sample_data:659,accountwithdraw,superuser
RolePrivilege,0,sample_data:660,accountworkorders,superuser
RolePrivilege,0,sample_data:661,actapproveany,superuser
RolePrivilege,0,sample_data:662,actcreate,superuser
RolePrivilege,0,sample_data:663,acteditunowned,superuser
RolePrivilege,0,sample_data:664,actmakemand,superuser
RolePrivilege,0,sample_data:665,actown,superuser
RolePrivilege,0,sample_data:666,actpatcreate,superuser
RolePrivilege,0,sample_data:667,actpatdelete,superuser
RolePrivilege,0,sample_data:668,actpatedit,superuser
RolePrivilege,0,sample_data:669,actpatview,superuser
RolePrivilege,0,sample_data:670,actpolicyapprove,superuser
RolePrivilege,0,sample_data:671,actpolicyapproveany,superuser
RolePrivilege,0,sample_data:672,actqueueassign,superuser
RolePrivilege,0,sample_data:673,actqueuenext,superuser
RolePrivilege,0,sample_data:674,actqueuepick,superuser
RolePrivilege,0,sample_data:675,actraown,superuser
RolePrivilege,0,sample_data:676,actraunown,superuser
RolePrivilege,0,sample_data:677,actview,superuser
RolePrivilege,0,sample_data:678,actviewallqueues,superuser
RolePrivilege,0,sample_data:679,admindatachangeexec,superuser
RolePrivilege,0,sample_data:680,admindatachangeview,superuser
RolePrivilege,0,sample_data:681,adminerrorstatejobs,superuser
RolePrivilege,0,sample_data:682,advanceaudit,superuser
RolePrivilege,0,sample_data:683,advancecancellation,superuser
RolePrivilege,0,sample_data:684,advanceissuance,superuser
RolePrivilege,0,sample_data:685,advancepolchange,superuser
RolePrivilege,0,sample_data:686,advancereinstate,superuser
RolePrivilege,0,sample_data:687,advancerenewal,superuser
RolePrivilege,0,sample_data:688,advancerewrite,superuser
RolePrivilege,0,sample_data:689,advancerewrnewacct,superuser
RolePrivilege,0,sample_data:690,advancesubmission,superuser
RolePrivilege,0,sample_data:691,affinitygroupadmin,superuser
RolePrivilege,0,sample_data:692,archivedisable,superuser
RolePrivilege,0,sample_data:693,archiveenable,superuser
RolePrivilege,0,sample_data:694,attrmanage,superuser
RolePrivilege,0,sample_data:695,attrview,superuser
RolePrivilege,0,sample_data:696,authprofileassignedit,superuser
RolePrivilege,0,sample_data:697,authprofileassignview,superuser
RolePrivilege,0,sample_data:698,authprofilecreate,superuser
RolePrivilege,0,sample_data:699,authprofiledelete,superuser
RolePrivilege,0,sample_data:700,authprofileedit,superuser
RolePrivilege,0,sample_data:701,authprofileview,superuser
RolePrivilege,0,sample_data:702,bindcancellation,superuser
RolePrivilege,0,sample_data:703,bindissuance,superuser
RolePrivilege,0,sample_data:704,bindpolchange,superuser
RolePrivilege,0,sample_data:705,bindreinstate,superuser
RolePrivilege,0,sample_data:706,bindrenewal,superuser
RolePrivilege,0,sample_data:707,bindrewrite,superuser
RolePrivilege,0,sample_data:708,bindrewrnewacct,superuser
RolePrivilege,0,sample_data:709,bindsubmission,superuser
RolePrivilege,0,sample_data:710,buswkmanage,superuser
RolePrivilege,0,sample_data:711,buswkview,superuser
RolePrivilege,0,sample_data:712,cancelcarriersource,superuser
RolePrivilege,0,sample_data:713,cancelovereffdate,superuser
RolePrivilege,0,sample_data:714,canceloverrefund,superuser
RolePrivilege,0,sample_data:715,cancelreschedule,superuser
RolePrivilege,0,sample_data:716,cancelrescind,superuser
RolePrivilege,0,sample_data:717,changecontactsubtype,superuser
RolePrivilege,0,sample_data:718,completeaudit,superuser
RolePrivilege,0,sample_data:719,contactclaims,superuser
RolePrivilege,0,sample_data:720,copypolicydata,superuser
RolePrivilege,0,sample_data:721,createaudit,superuser
RolePrivilege,0,sample_data:722,createcancellation,superuser
RolePrivilege,0,sample_data:724,createintnote,superuser
RolePrivilege,0,sample_data:725,createissuance,superuser
RolePrivilege,0,sample_data:726,createmanualuwissue,superuser
RolePrivilege,0,sample_data:727,createpolchange,superuser
RolePrivilege,0,sample_data:728,createreferralreason,superuser
RolePrivilege,0,sample_data:729,createreinstate,superuser
RolePrivilege,0,sample_data:730,createrenewal,superuser
RolePrivilege,0,sample_data:731,createrewrite,superuser
RolePrivilege,0,sample_data:732,createrewrnewacct,superuser
RolePrivilege,0,sample_data:733,createsensnote,superuser
RolePrivilege,0,sample_data:734,createsubmission,superuser
RolePrivilege,0,sample_data:735,ctccreate,superuser
RolePrivilege,0,sample_data:736,ctcedit,superuser
RolePrivilege,0,sample_data:737,ctcview,superuser
RolePrivilege,0,sample_data:738,debugtools,superuser
RolePrivilege,0,sample_data:739,declinesubmission,superuser
RolePrivilege,0,sample_data:740,delintdoc,superuser
RolePrivilege,0,sample_data:741,delintnote,superuser
RolePrivilege,0,sample_data:742,delsensdoc,superuser
RolePrivilege,0,sample_data:743,delsensnote,superuser
RolePrivilege,0,sample_data:744,splitpolicy,superuser
RolePrivilege,0,sample_data:745,doccreate,superuser
RolePrivilege,0,sample_data:746,docdelete,superuser
RolePrivilege,0,sample_data:747,docedit,superuser
RolePrivilege,0,sample_data:748,docmodifyall,superuser
RolePrivilege,0,sample_data:749,docview,superuser
RolePrivilege,0,sample_data:750,docviewall,superuser
RolePrivilege,0,sample_data:751,editaccountcontacts,superuser
RolePrivilege,0,sample_data:752,editaccountroles,superuser
RolePrivilege,0,sample_data:753,editaccountsummary,superuser
RolePrivilege,0,sample_data:754,editaudit,superuser
RolePrivilege,0,sample_data:755,editautosymbol,superuser
RolePrivilege,0,sample_data:756,editcancellation,superuser
RolePrivilege,0,sample_data:757,editintdoc,superuser
RolePrivilege,0,sample_data:758,editintnote,superuser
RolePrivilege,0,sample_data:759,editissuance,superuser
RolePrivilege,0,sample_data:760,editjobroles,superuser
RolePrivilege,0,sample_data:761,editlockoverride,superuser
RolePrivilege,0,sample_data:762,editnonrenewexp,superuser
RolePrivilege,0,sample_data:763,editpolchange,superuser
RolePrivilege,0,sample_data:764,editpolicyroles,superuser
RolePrivilege,0,sample_data:765,editprerenewal,superuser
RolePrivilege,0,sample_data:766,editratingoverrides,superuser
RolePrivilege,0,sample_data:767,editreinstate,superuser
RolePrivilege,0,sample_data:768,editreinsuranceactiveprogram,superuser
RolePrivilege,0,sample_data:769,editreinsurancefacagreement,superuser
RolePrivilege,0,sample_data:770,editreinsuranceforpolicyadvanced,superuser
RolePrivilege,0,sample_data:771,editreinsuranceforpolicybasic,superuser
RolePrivilege,0,sample_data:772,editreinsuranceprogram,superuser
RolePrivilege,0,sample_data:773,editrenewal,superuser
RolePrivilege,0,sample_data:774,editrewrite,superuser
RolePrivilege,0,sample_data:775,editrewrnewacct,superuser
RolePrivilege,0,sample_data:776,editsensdoc,superuser
RolePrivilege,0,sample_data:777,editsensnote,superuser
RolePrivilege,0,sample_data:778,editsubmission,superuser
RolePrivilege,0,sample_data:779,editwrittendate,superuser
RolePrivilege,0,sample_data:780,eventmessageview,superuser
RolePrivilege,0,sample_data:781,exportmasksmanage,superuser
RolePrivilege,0,sample_data:782,formpatcreate,superuser
RolePrivilege,0,sample_data:783,formpatdelete,superuser
RolePrivilege,0,sample_data:784,formpatedit,superuser
RolePrivilege,0,sample_data:785,formpatview,superuser
RolePrivilege,0,sample_data:786,groupcreate,superuser
RolePrivilege,0,sample_data:787,groupdelete,superuser
RolePrivilege,0,sample_data:788,groupedit,superuser
RolePrivilege,0,sample_data:789,grouptreeview,superuser
RolePrivilege,0,sample_data:790,groupview,superuser
RolePrivilege,0,sample_data:791,holidaymanage,superuser
RolePrivilege,0,sample_data:792,holidayview,superuser
RolePrivilege,0,sample_data:793,integadmin,superuser
RolePrivilege,0,sample_data:794,internaltools,superuser
RolePrivilege,0,sample_data:795,issue,superuser
RolePrivilege,0,sample_data:796,issuerenewal,superuser
RolePrivilege,0,sample_data:797,jobcopy,superuser
RolePrivilege,0,sample_data:798,lvprint,superuser
RolePrivilege,0,sample_data:799,manageldfctrs,superuser
RolePrivilege,0,sample_data:800,mergeaccounts,superuser
RolePrivilege,0,sample_data:801,multicompquote,superuser
RolePrivilege,0,sample_data:802,nonrenew,superuser
RolePrivilege,0,sample_data:803,notecreate,superuser
RolePrivilege,0,sample_data:804,notedelete,superuser
RolePrivilege,0,sample_data:805,noteedit,superuser
RolePrivilege,0,sample_data:806,noteeditbody,superuser
RolePrivilege,0,sample_data:807,noteview,superuser
RolePrivilege,0,sample_data:808,nottakensubmission,superuser
RolePrivilege,0,sample_data:809,nottakerenewal,superuser
RolePrivilege,0,sample_data:810,orgcreate,superuser
RolePrivilege,0,sample_data:811,orgdelete,superuser
RolePrivilege,0,sample_data:812,orgdeleteex,superuser
RolePrivilege,0,sample_data:813,orgeditagency,superuser
RolePrivilege,0,sample_data:814,orgeditbasic,superuser
RolePrivilege,0,sample_data:815,orgeditbasicex,superuser
RolePrivilege,0,sample_data:816,orgsearch,superuser
RolePrivilege,0,sample_data:817,orgviewagency,superuser
RolePrivilege,0,sample_data:818,orgviewbasic,superuser
RolePrivilege,0,sample_data:819,orgviewextmgt,superuser
RolePrivilege,0,sample_data:820,overridebilling,superuser
RolePrivilege,0,sample_data:821,pfilebilling,superuser
RolePrivilege,0,sample_data:822,pfilecontacts,superuser
RolePrivilege,0,sample_data:823,pfiledetails,superuser
RolePrivilege,0,sample_data:824,pfilepayments,superuser
RolePrivilege,0,sample_data:825,pfilepricing,superuser
RolePrivilege,0,sample_data:826,pfilesummary,superuser
RolePrivilege,0,sample_data:827,pfileworkorders,superuser
RolePrivilege,0,sample_data:828,polholdcreate,superuser
RolePrivilege,0,sample_data:829,polholdedit,superuser
RolePrivilege,0,sample_data:830,polholdelete,superuser
RolePrivilege,0,sample_data:831,polholdview,superuser
RolePrivilege,0,sample_data:832,prodcodecreate,superuser
RolePrivilege,0,sample_data:833,prodcodedelete,superuser
RolePrivilege,0,sample_data:834,prodcodeeditaddr,superuser
RolePrivilege,0,sample_data:835,prodcodeeditbasic,superuser
RolePrivilege,0,sample_data:836,prodcodeeditprefuw,superuser
RolePrivilege,0,sample_data:837,prodcodeviewbasic,superuser
RolePrivilege,0,sample_data:838,prodcodeviewprefuw,superuser
RolePrivilege,0,sample_data:839,purgedisable,superuser
RolePrivilege,0,sample_data:840,purgeenable,superuser
RolePrivilege,0,sample_data:841,quote,superuser
RolePrivilege,0,sample_data:842,quotehideoverride,superuser
RolePrivilege,0,sample_data:843,ratebookapprove,superuser
RolePrivilege,0,sample_data:844,ratebookedit,superuser
RolePrivilege,0,sample_data:845,ratebookview,superuser
RolePrivilege,0,sample_data:846,rateimpacttesting,superuser
RolePrivilege,0,sample_data:847,ratingworksheetview,superuser
RolePrivilege,0,sample_data:848,resetquotinglock,superuser
RolePrivilege,0,sample_data:849,editrateasofdate,superuser
RolePrivilege,0,sample_data:850,regionmanage,superuser
RolePrivilege,0,sample_data:851,regionview,superuser
RolePrivilege,0,sample_data:852,reporting_view,superuser
RolePrivilege,0,sample_data:853,rescheduleaudit,superuser
RolePrivilege,0,sample_data:854,resyncmessage,superuser
RolePrivilege,0,sample_data:855,retrymessage,superuser
RolePrivilege,0,sample_data:856,reverseaudit,superuser
RolePrivilege,0,sample_data:857,reviewrewrnewacct,superuser
RolePrivilege,0,sample_data:858,reviseaudit,superuser
RolePrivilege,0,sample_data:859,roleedittype,superuser
RolePrivilege,0,sample_data:860,rolemanage,superuser
RolePrivilege,0,sample_data:861,roleview,superuser
RolePrivilege,0,sample_data:862,ruleadmin,superuser
RolePrivilege,0,sample_data:863,scrprmmanage,superuser
RolePrivilege,0,sample_data:864,scrprmview,superuser
RolePrivilege,0,sample_data:865,searchaccounts,superuser
RolePrivilege,0,sample_data:866,searchactivities,superuser
RolePrivilege,0,sample_data:867,searchcontacts,superuser
RolePrivilege,0,sample_data:868,searchpols,superuser
RolePrivilege,0,sample_data:869,searchprodcodes,superuser
RolePrivilege,0,sample_data:870,seczonemanage,superuser
RolePrivilege,0,sample_data:871,selectnonrenew,superuser
RolePrivilege,0,sample_data:872,sendemail,superuser
RolePrivilege,0,sample_data:873,skipmessage,superuser
RolePrivilege,0,sample_data:874,soapadmin,superuser
RolePrivilege,0,sample_data:875,startaudit,superuser
RolePrivilege,0,sample_data:876,toolsBatchProcessedit,superuser
RolePrivilege,0,sample_data:877,toolsBatchProcessview,superuser
RolePrivilege,0,sample_data:878,toolsCacheinfoview,superuser
RolePrivilege,0,sample_data:879,toolsClusteredit,superuser
RolePrivilege,0,sample_data:880,toolsClusterview,superuser
RolePrivilege,0,sample_data:881,toolsInfoview,superuser
RolePrivilege,0,sample_data:882,toolsJMXBeansEdit,superuser
RolePrivilege,0,sample_data:883,toolsJMXBeansview,superuser
RolePrivilege,0,sample_data:884,toolsJProfileredit,superuser
RolePrivilege,0,sample_data:885,toolsLogedit,superuser
RolePrivilege,0,sample_data:886,toolsLogview,superuser
RolePrivilege,0,sample_data:887,toolsPluginedit,superuser
RolePrivilege,0,sample_data:888,toolsPluginview,superuser
RolePrivilege,0,sample_data:889,toolsProductModelInfoview,superuser
RolePrivilege,0,sample_data:890,toolsProfileredit,superuser
RolePrivilege,0,sample_data:891,toolsProfilerview,superuser
RolePrivilege,0,sample_data:892,toolsWorkQueueedit,superuser
RolePrivilege,0,sample_data:893,toolsWorkQueueview,superuser
RolePrivilege,0,sample_data:894,usercreate,superuser
RolePrivilege,0,sample_data:895,userdelete,superuser
RolePrivilege,0,sample_data:896,useredit,superuser
RolePrivilege,0,sample_data:897,usereditattrs,superuser
RolePrivilege,0,sample_data:898,usereditlang,superuser
RolePrivilege,0,sample_data:899,usereditpcsec,superuser
RolePrivilege,0,sample_data:900,useredittype,superuser
RolePrivilege,0,sample_data:901,usergrantroles,superuser
RolePrivilege,0,sample_data:902,userroleassignmentbulkassign,superuser
RolePrivilege,0,sample_data:903,userview,superuser
RolePrivilege,0,sample_data:904,userviewall,superuser
RolePrivilege,0,sample_data:905,uwapproveall,superuser
RolePrivilege,0,sample_data:906,uwedit,superuser
RolePrivilege,0,sample_data:907,uwreject,superuser
RolePrivilege,0,sample_data:908,uwreopen,superuser
RolePrivilege,0,sample_data:909,uwview,superuser
RolePrivilege,0,sample_data:910,viewaccount,superuser
RolePrivilege,0,sample_data:911,viewaccountholderinfo,superuser
RolePrivilege,0,sample_data:912,viewaudit,superuser
RolePrivilege,0,sample_data:913,viewbillingsystem,superuser
RolePrivilege,0,sample_data:914,viewcancellation,superuser
RolePrivilege,0,sample_data:915,viewclaimsystem,superuser
RolePrivilege,0,sample_data:916,viewhist,superuser
RolePrivilege,0,sample_data:917,viewintdoc,superuser
RolePrivilege,0,sample_data:918,viewintnote,superuser
RolePrivilege,0,sample_data:919,viewissuance,superuser
RolePrivilege,0,sample_data:920,viewmodifiers,superuser
RolePrivilege,0,sample_data:921,viewmyaccounts,superuser
RolePrivilege,0,sample_data:922,viewmyactivities,superuser
RolePrivilege,0,sample_data:923,viewmypolicychanges,superuser
RolePrivilege,0,sample_data:924,viewmyqueues,superuser
RolePrivilege,0,sample_data:925,viewmyrenewals,superuser
RolePrivilege,0,sample_data:926,viewmysubmissions,superuser
RolePrivilege,0,sample_data:927,viewparticipants,superuser
RolePrivilege,0,sample_data:928,viewpolchange,superuser
RolePrivilege,0,sample_data:929,viewpolicyfile,superuser
RolePrivilege,0,sample_data:930,viewproducerstyledesktopdetails,superuser
RolePrivilege,0,sample_data:931,viewprerenewal,superuser
RolePrivilege,0,sample_data:932,viewratingoverrides,superuser
RolePrivilege,0,sample_data:933,viewreinstate,superuser
RolePrivilege,0,sample_data:934,viewreinsuranceforpolicy,superuser
RolePrivilege,0,sample_data:935,viewreinsuranceprogram,superuser
RolePrivilege,0,sample_data:936,viewrenewal,superuser
RolePrivilege,0,sample_data:937,viewrestrictedclaim,superuser
RolePrivilege,0,sample_data:938,viewrewrite,superuser
RolePrivilege,0,sample_data:939,viewrewrnewacct,superuser
RolePrivilege,0,sample_data:940,viewriskclaims,superuser
RolePrivilege,0,sample_data:941,viewriskevalissues,superuser
RolePrivilege,0,sample_data:942,viewriskpriorlosses,superuser
RolePrivilege,0,sample_data:943,viewriskpriorpolicies,superuser
RolePrivilege,0,sample_data:944,viewriskrefreasons,superuser
RolePrivilege,0,sample_data:945,viewsensdoc,superuser
RolePrivilege,0,sample_data:946,viewsensnote,superuser
RolePrivilege,0,sample_data:947,viewsubmission,superuser
RolePrivilege,0,sample_data:948,viewteam,superuser
RolePrivilege,0,sample_data:949,viewworkplan,superuser
RolePrivilege,0,sample_data:950,waiveaudit,superuser
RolePrivilege,0,sample_data:951,withdraw,superuser
RolePrivilege,0,sample_data:952,workflowmanage,superuser
RolePrivilege,0,sample_data:953,workflowview,superuser
RolePrivilege,0,sample_data:954,wsdatachangeedit,superuser
RolePrivilege,0,sample_data:955,zonemanage,superuser
RolePrivilege,0,sample_data:956,zoneview,superuser
RolePrivilege,0,sample_data:957,restorefromarchive,superuser
RolePrivilege,0,sample_data:958,toolsbatchprocessview,toolview
RolePrivilege,0,sample_data:959,toolsCacheinfoview,toolview
RolePrivilege,0,sample_data:960,toolsclusterview,toolview
RolePrivilege,0,sample_data:961,toolsinfoview,toolview
RolePrivilege,0,sample_data:962,toolsJMXBeansview,toolview
RolePrivilege,0,sample_data:963,toolslogview,toolview
RolePrivilege,0,sample_data:964,toolsPluginview,toolview
RolePrivilege,0,sample_data:965,toolsprofilerview,toolview
RolePrivilege,0,sample_data:966,abcreate,underwriter
RolePrivilege,0,sample_data:967,abdelete,underwriter
RolePrivilege,0,sample_data:968,abedit,underwriter
RolePrivilege,0,sample_data:969,abview,underwriter
RolePrivilege,0,sample_data:970,anytagcreate,underwriter
RolePrivilege,0,sample_data:971,anytagdelete,underwriter
RolePrivilege,0,sample_data:972,anytagedit,underwriter
RolePrivilege,0,sample_data:973,anytagview,underwriter
RolePrivilege,0,sample_data:974,abviewsearch,underwriter
RolePrivilege,0,sample_data:975,accountbilling,underwriter
RolePrivilege,0,sample_data:976,accountclaims,underwriter
RolePrivilege,0,sample_data:977,accountcontacts,underwriter
RolePrivilege,0,sample_data:978,accountcreate,underwriter
RolePrivilege,0,sample_data:979,accountdocs,underwriter
RolePrivilege,0,sample_data:980,accounthistory,underwriter
RolePrivilege,0,sample_data:981,accountmovepolicies,underwriter
RolePrivilege,0,sample_data:982,accountnotes,underwriter
RolePrivilege,0,sample_data:983,accountrelations,underwriter
RolePrivilege,0,sample_data:984,accountreopen,underwriter
RolePrivilege,0,sample_data:985,accountrewritepolicies,underwriter
RolePrivilege,0,sample_data:986,accountroles,underwriter
RolePrivilege,0,sample_data:987,accountsummary,underwriter
RolePrivilege,0,sample_data:988,accountwithdraw,underwriter
RolePrivilege,0,sample_data:989,accountworkorders,underwriter
RolePrivilege,0,sample_data:990,actcreate,underwriter
RolePrivilege,0,sample_data:991,actown,underwriter
RolePrivilege,0,sample_data:992,actqueuenext,underwriter
RolePrivilege,0,sample_data:993,actraown,underwriter
RolePrivilege,0,sample_data:994,actview,underwriter
RolePrivilege,0,sample_data:995,advancecancellation,underwriter
RolePrivilege,0,sample_data:996,advanceissuance,underwriter
RolePrivilege,0,sample_data:997,advancepolchange,underwriter
RolePrivilege,0,sample_data:998,advancereinstate,underwriter
RolePrivilege,0,sample_data:999,advancerenewal,underwriter
RolePrivilege,0,sample_data:1000,advancerewrite,underwriter
RolePrivilege,0,sample_data:1001,advancerewrnewacct,underwriter
RolePrivilege,0,sample_data:1002,advancesubmission,underwriter
RolePrivilege,0,sample_data:1003,archivedisable,underwriter
RolePrivilege,0,sample_data:1004,archiveenable,underwriter
RolePrivilege,0,sample_data:1005,authprofileassignview,underwriter
RolePrivilege,0,sample_data:1006,authprofileview,underwriter
RolePrivilege,0,sample_data:1007,bindcancellation,underwriter
RolePrivilege,0,sample_data:1008,bindissuance,underwriter
RolePrivilege,0,sample_data:1009,bindpolchange,underwriter
RolePrivilege,0,sample_data:1010,bindreinstate,underwriter
RolePrivilege,0,sample_data:1011,bindrenewal,underwriter
RolePrivilege,0,sample_data:1012,bindrewrite,underwriter
RolePrivilege,0,sample_data:1013,bindrewrnewacct,underwriter
RolePrivilege,0,sample_data:1014,bindsubmission,underwriter
RolePrivilege,0,sample_data:1015,cancelcarriersource,underwriter
RolePrivilege,0,sample_data:1016,cancelovereffdate,underwriter
RolePrivilege,0,sample_data:1017,canceloverrefund,underwriter
RolePrivilege,0,sample_data:1018,cancelreschedule,underwriter
RolePrivilege,0,sample_data:1019,cancelrescind,underwriter
RolePrivilege,0,sample_data:1020,contactclaims,underwriter
RolePrivilege,0,sample_data:1021,copypolicydata,underwriter
RolePrivilege,0,sample_data:1022,createaudit,underwriter
RolePrivilege,0,sample_data:1023,createcancellation,underwriter
RolePrivilege,0,sample_data:1025,createintnote,underwriter
RolePrivilege,0,sample_data:1026,createissuance,underwriter
RolePrivilege,0,sample_data:1027,createmanualuwissue,underwriter
RolePrivilege,0,sample_data:1028,createpolchange,underwriter
RolePrivilege,0,sample_data:1029,createreferralreason,underwriter
RolePrivilege,0,sample_data:1030,createreinstate,underwriter
RolePrivilege,0,sample_data:1031,createrenewal,underwriter
RolePrivilege,0,sample_data:1032,createrewrite,underwriter
RolePrivilege,0,sample_data:1033,createrewrnewacct,underwriter
RolePrivilege,0,sample_data:1034,createsensnote,underwriter
RolePrivilege,0,sample_data:1035,createsubmission,underwriter
RolePrivilege,0,sample_data:1036,declinesubmission,underwriter
RolePrivilege,0,sample_data:1037,splitpolicy,underwriter
RolePrivilege,0,sample_data:1038,doccreate,underwriter
RolePrivilege,0,sample_data:1039,docdelete,underwriter
RolePrivilege,0,sample_data:1040,docedit,underwriter
RolePrivilege,0,sample_data:1041,docview,underwriter
RolePrivilege,0,sample_data:1042,editaccountcontacts,underwriter
RolePrivilege,0,sample_data:1043,editaccountroles,underwriter
RolePrivilege,0,sample_data:1044,editaccountsummary,underwriter
RolePrivilege,0,sample_data:1045,editautosymbol,underwriter
RolePrivilege,0,sample_data:1046,editcancellation,underwriter
RolePrivilege,0,sample_data:1047,editintnote,underwriter
RolePrivilege,0,sample_data:1048,editissuance,underwriter
RolePrivilege,0,sample_data:1049,editjobroles,underwriter
RolePrivilege,0,sample_data:1050,editlockoverride,underwriter
RolePrivilege,0,sample_data:1051,editnonrenewexp,underwriter
RolePrivilege,0,sample_data:1052,editpolchange,underwriter
RolePrivilege,0,sample_data:1053,editpolicyroles,underwriter
RolePrivilege,0,sample_data:1054,editprerenewal,underwriter
RolePrivilege,0,sample_data:1055,editrateasofdate,underwriter
RolePrivilege,0,sample_data:1056,editratingoverrides,underwriter
RolePrivilege,0,sample_data:1057,editreinstate,underwriter
RolePrivilege,0,sample_data:1058,editreinsurancefacagreement,underwriter
RolePrivilege,0,sample_data:1059,editreinsuranceforpolicybasic,underwriter
RolePrivilege,0,sample_data:1060,editrenewal,underwriter
RolePrivilege,0,sample_data:1061,editrewrite,underwriter
RolePrivilege,0,sample_data:1062,editrewrnewacct,underwriter
RolePrivilege,0,sample_data:1063,editsubmission,underwriter
RolePrivilege,0,sample_data:1064,editwrittendate,underwriter
RolePrivilege,0,sample_data:1065,formpatview,underwriter
RolePrivilege,0,sample_data:1066,issue,underwriter
RolePrivilege,0,sample_data:1067,issuerenewal,underwriter
RolePrivilege,0,sample_data:1068,jobcopy,underwriter
RolePrivilege,0,sample_data:1069,mergeaccounts,underwriter
RolePrivilege,0,sample_data:1070,multicompquote,underwriter
RolePrivilege,0,sample_data:1071,nonrenew,underwriter
RolePrivilege,0,sample_data:1072,notecreate,underwriter
RolePrivilege,0,sample_data:1073,noteedit,underwriter
RolePrivilege,0,sample_data:1074,noteeditbody,underwriter
RolePrivilege,0,sample_data:1075,noteview,underwriter
RolePrivilege,0,sample_data:1076,nottakensubmission,underwriter
RolePrivilege,0,sample_data:1077,nottakerenewal,underwriter
RolePrivilege,0,sample_data:1078,orgsearch,underwriter
RolePrivilege,0,sample_data:1079,orgviewagency,underwriter
RolePrivilege,0,sample_data:1080,orgviewbasic,underwriter
RolePrivilege,0,sample_data:1081,orgviewextmgt,underwriter
RolePrivilege,0,sample_data:1082,overridebilling,underwriter
RolePrivilege,0,sample_data:1083,pfilebilling,underwriter
RolePrivilege,0,sample_data:1084,pfilecontacts,underwriter
RolePrivilege,0,sample_data:1085,pfiledetails,underwriter
RolePrivilege,0,sample_data:1086,pfilepayments,underwriter
RolePrivilege,0,sample_data:1087,pfilepricing,underwriter
RolePrivilege,0,sample_data:1088,pfilesummary,underwriter
RolePrivilege,0,sample_data:1089,pfileworkorders,underwriter
RolePrivilege,0,sample_data:1090,polholdview,underwriter
RolePrivilege,0,sample_data:1091,prodcodeeditaddr,underwriter
RolePrivilege,0,sample_data:1092,prodcodeviewbasic,underwriter
RolePrivilege,0,sample_data:1093,purgedisable,underwriter
RolePrivilege,0,sample_data:1094,purgeenable,underwriter
RolePrivilege,0,sample_data:1095,quote,underwriter
RolePrivilege,0,sample_data:1096,quotehideoverride,underwriter
RolePrivilege,0,sample_data:1097,ratebookview,underwriter
RolePrivilege,0,sample_data:1098,ratingworksheetview,underwriter
RolePrivilege,0,sample_data:1099,searchaccounts,underwriter
RolePrivilege,0,sample_data:1100,searchactivities,underwriter
RolePrivilege,0,sample_data:1101,searchcontacts,underwriter
RolePrivilege,0,sample_data:1102,searchpols,underwriter
RolePrivilege,0,sample_data:1103,searchprodcodes,underwriter
RolePrivilege,0,sample_data:1104,selectnonrenew,underwriter
RolePrivilege,0,sample_data:1105,sendemail,underwriter
RolePrivilege,0,sample_data:1106,usereditlang,underwriter
RolePrivilege,0,sample_data:1107,userroleassignmentbulkassign,underwriter
RolePrivilege,0,sample_data:1108,uwreject,underwriter
RolePrivilege,0,sample_data:1109,uwreopen,underwriter
RolePrivilege,0,sample_data:1110,viewaccount,underwriter
RolePrivilege,0,sample_data:1111,viewaccountholderinfo,underwriter
RolePrivilege,0,sample_data:1112,viewaudit,underwriter
RolePrivilege,0,sample_data:1113,viewbillingsystem,underwriter
RolePrivilege,0,sample_data:1114,viewcancellation,underwriter
RolePrivilege,0,sample_data:1115,viewclaimsystem,underwriter
RolePrivilege,0,sample_data:1116,viewhist,underwriter
RolePrivilege,0,sample_data:1117,viewintdoc,underwriter
RolePrivilege,0,sample_data:1118,viewintnote,underwriter
RolePrivilege,0,sample_data:1119,viewissuance,underwriter
RolePrivilege,0,sample_data:1120,viewmodifiers,underwriter
RolePrivilege,0,sample_data:1121,viewmyactivities,underwriter
RolePrivilege,0,sample_data:1122,viewmypolicychanges,underwriter
RolePrivilege,0,sample_data:1123,viewmyqueues,underwriter
RolePrivilege,0,sample_data:1124,viewmyrenewals,underwriter
RolePrivilege,0,sample_data:1125,viewmysubmissions,underwriter
RolePrivilege,0,sample_data:1126,viewparticipants,underwriter
RolePrivilege,0,sample_data:1127,viewpolchange,underwriter
RolePrivilege,0,sample_data:1128,viewpolicyfile,underwriter
RolePrivilege,0,sample_data:1129,viewprerenewal,underwriter
RolePrivilege,0,sample_data:1130,viewratingoverrides,underwriter
RolePrivilege,0,sample_data:1131,viewreinstate,underwriter
RolePrivilege,0,sample_data:1132,viewreinsuranceforpolicy,underwriter
RolePrivilege,0,sample_data:1133,viewrenewal,underwriter
RolePrivilege,0,sample_data:1134,viewrewrite,underwriter
RolePrivilege,0,sample_data:1135,viewrewrnewacct,underwriter
RolePrivilege,0,sample_data:1136,viewriskclaims,underwriter
RolePrivilege,0,sample_data:1137,viewriskevalissues,underwriter
RolePrivilege,0,sample_data:1138,viewriskpriorlosses,underwriter
RolePrivilege,0,sample_data:1139,viewriskpriorpolicies,underwriter
RolePrivilege,0,sample_data:1140,viewriskrefreasons,underwriter
RolePrivilege,0,sample_data:1141,viewsensdoc,underwriter
RolePrivilege,0,sample_data:1142,viewsensnote,underwriter
RolePrivilege,0,sample_data:1143,viewsubmission,underwriter
RolePrivilege,0,sample_data:1144,viewworkplan,underwriter
RolePrivilege,0,sample_data:1145,withdraw,underwriter
RolePrivilege,0,sample_data:1146,restorefromarchive,underwriter
RolePrivilege,0,sample_data:1147,abcreate,underwriter_asst
RolePrivilege,0,sample_data:1148,abdelete,underwriter_asst
RolePrivilege,0,sample_data:1149,abedit,underwriter_asst
RolePrivilege,0,sample_data:1150,abview,underwriter_asst
RolePrivilege,0,sample_data:1151,anytagcreate,underwriter_asst
RolePrivilege,0,sample_data:1152,anytagdelete,underwriter_asst
RolePrivilege,0,sample_data:1153,anytagedit,underwriter_asst
RolePrivilege,0,sample_data:1154,anytagview,underwriter_asst
RolePrivilege,0,sample_data:1155,accountbilling,underwriter_asst
RolePrivilege,0,sample_data:1156,accountclaims,underwriter_asst
RolePrivilege,0,sample_data:1157,accountcontacts,underwriter_asst
RolePrivilege,0,sample_data:1158,accountcreate,underwriter_asst
RolePrivilege,0,sample_data:1159,accountdocs,underwriter_asst
RolePrivilege,0,sample_data:1160,accounthistory,underwriter_asst
RolePrivilege,0,sample_data:1161,accountmovepolicies,underwriter_asst
RolePrivilege,0,sample_data:1162,accountnotes,underwriter_asst
RolePrivilege,0,sample_data:1163,accountrelations,underwriter_asst
RolePrivilege,0,sample_data:1164,accountreopen,underwriter_asst
RolePrivilege,0,sample_data:1165,accountrewritepolicies,underwriter_asst
RolePrivilege,0,sample_data:1166,accountroles,underwriter_asst
RolePrivilege,0,sample_data:1167,accountsummary,underwriter_asst
RolePrivilege,0,sample_data:1168,accountwithdraw,underwriter_asst
RolePrivilege,0,sample_data:1169,accountworkorders,underwriter_asst
RolePrivilege,0,sample_data:1170,actcreate,underwriter_asst
RolePrivilege,0,sample_data:1171,actown,underwriter_asst
RolePrivilege,0,sample_data:1172,actqueuenext,underwriter_asst
RolePrivilege,0,sample_data:1173,actraown,underwriter_asst
RolePrivilege,0,sample_data:1174,actview,underwriter_asst
RolePrivilege,0,sample_data:1175,advancecancellation,underwriter_asst
RolePrivilege,0,sample_data:1176,advanceissuance,underwriter_asst
RolePrivilege,0,sample_data:1177,advancepolchange,underwriter_asst
RolePrivilege,0,sample_data:1178,advancereinstate,underwriter_asst
RolePrivilege,0,sample_data:1179,advancerenewal,underwriter_asst
RolePrivilege,0,sample_data:1180,advancerewrite,underwriter_asst
RolePrivilege,0,sample_data:1181,advancerewrnewacct,underwriter_asst
RolePrivilege,0,sample_data:1182,advancesubmission,underwriter_asst
RolePrivilege,0,sample_data:1183,bindreinstate,underwriter_asst
RolePrivilege,0,sample_data:1184,bindrewrite,underwriter_asst
RolePrivilege,0,sample_data:1185,bindrewrnewacct,underwriter_asst
RolePrivilege,0,sample_data:1186,bindsubmission,underwriter_asst
RolePrivilege,0,sample_data:1187,cancelcarriersource,underwriter_asst
RolePrivilege,0,sample_data:1188,contactclaims,underwriter_asst
RolePrivilege,0,sample_data:1189,copypolicydata,underwriter_asst
RolePrivilege,0,sample_data:1190,createcancellation,underwriter_asst
RolePrivilege,0,sample_data:1192,createmanualuwissue,underwriter_asst
RolePrivilege,0,sample_data:1193,createreferralreason,underwriter_asst
RolePrivilege,0,sample_data:1194,createreinstate,underwriter_asst
RolePrivilege,0,sample_data:1195,createsubmission,underwriter_asst
RolePrivilege,0,sample_data:1196,splitpolicy,underwriter_asst
RolePrivilege,0,sample_data:1197,doccreate,underwriter_asst
RolePrivilege,0,sample_data:1198,docdelete,underwriter_asst
RolePrivilege,0,sample_data:1199,docedit,underwriter_asst
RolePrivilege,0,sample_data:1200,docview,underwriter_asst
RolePrivilege,0,sample_data:1201,editaccountcontacts,underwriter_asst
RolePrivilege,0,sample_data:1202,editaccountroles,underwriter_asst
RolePrivilege,0,sample_data:1203,editaccountsummary,underwriter_asst
RolePrivilege,0,sample_data:1204,editcancellation,underwriter_asst
RolePrivilege,0,sample_data:1205,editintnote,underwriter_asst
RolePrivilege,0,sample_data:1206,editissuance,underwriter_asst
RolePrivilege,0,sample_data:1207,editjobroles,underwriter_asst
RolePrivilege,0,sample_data:1208,editlockoverride,underwriter_asst
RolePrivilege,0,sample_data:1209,editnonrenewexp,underwriter_asst
RolePrivilege,0,sample_data:1210,editpolchange,underwriter_asst
RolePrivilege,0,sample_data:1211,editpolicyroles,underwriter_asst
RolePrivilege,0,sample_data:1212,editprerenewal,underwriter_asst
RolePrivilege,0,sample_data:1213,editreinstate,underwriter_asst
RolePrivilege,0,sample_data:1214,editrenewal,underwriter_asst
RolePrivilege,0,sample_data:1215,editrewrite,underwriter_asst
RolePrivilege,0,sample_data:1216,editrewrnewacct,underwriter_asst
RolePrivilege,0,sample_data:1217,editsubmission,underwriter_asst
RolePrivilege,0,sample_data:1218,editwrittendate,underwriter_asst
RolePrivilege,0,sample_data:1219,formpatview,underwriter_asst
RolePrivilege,0,sample_data:1220,issue,underwriter_asst
RolePrivilege,0,sample_data:1221,jobcopy,underwriter_asst
RolePrivilege,0,sample_data:1222,mergeaccounts,underwriter_asst
RolePrivilege,0,sample_data:1223,notecreate,underwriter_asst
RolePrivilege,0,sample_data:1224,noteedit,underwriter_asst
RolePrivilege,0,sample_data:1225,noteeditbody,underwriter_asst
RolePrivilege,0,sample_data:1226,noteview,underwriter_asst
RolePrivilege,0,sample_data:1227,orgsearch,underwriter_asst
RolePrivilege,0,sample_data:1228,orgviewagency,underwriter_asst
RolePrivilege,0,sample_data:1229,orgviewbasic,underwriter_asst
RolePrivilege,0,sample_data:1230,orgviewextmgt,underwriter_asst
RolePrivilege,0,sample_data:1231,pfilebilling,underwriter_asst
RolePrivilege,0,sample_data:1232,pfilecontacts,underwriter_asst
RolePrivilege,0,sample_data:1233,pfiledetails,underwriter_asst
RolePrivilege,0,sample_data:1234,pfilepayments,underwriter_asst
RolePrivilege,0,sample_data:1235,pfilepricing,underwriter_asst
RolePrivilege,0,sample_data:1236,pfilesummary,underwriter_asst
RolePrivilege,0,sample_data:1237,pfileworkorders,underwriter_asst
RolePrivilege,0,sample_data:1238,prodcodeeditaddr,underwriter_asst
RolePrivilege,0,sample_data:1239,prodcodeviewbasic,underwriter_asst
RolePrivilege,0,sample_data:1240,quote,underwriter_asst
RolePrivilege,0,sample_data:1241,quotehideoverride,underwriter_asst
RolePrivilege,0,sample_data:1242,ratingworksheetview,underwriter_asst
RolePrivilege,0,sample_data:1243,searchaccounts,underwriter_asst
RolePrivilege,0,sample_data:1244,searchactivities,underwriter_asst
RolePrivilege,0,sample_data:1245,searchcontacts,underwriter_asst
RolePrivilege,0,sample_data:1246,searchpols,underwriter_asst
RolePrivilege,0,sample_data:1247,searchprodcodes,underwriter_asst
RolePrivilege,0,sample_data:1248,sendemail,underwriter_asst
RolePrivilege,0,sample_data:1249,usereditlang,underwriter_asst
RolePrivilege,0,sample_data:1250,uwreopen,underwriter_asst
RolePrivilege,0,sample_data:1251,viewaccount,underwriter_asst
RolePrivilege,0,sample_data:1252,viewaccountholderinfo,underwriter_asst
RolePrivilege,0,sample_data:1253,viewaudit,underwriter_asst
RolePrivilege,0,sample_data:1254,viewcancellation,underwriter_asst
RolePrivilege,0,sample_data:1255,viewhist,underwriter_asst
RolePrivilege,0,sample_data:1256,viewintdoc,underwriter_asst
RolePrivilege,0,sample_data:1257,viewintnote,underwriter_asst
RolePrivilege,0,sample_data:1258,viewissuance,underwriter_asst
RolePrivilege,0,sample_data:1259,viewmodifiers,underwriter_asst
RolePrivilege,0,sample_data:1260,viewmyactivities,underwriter_asst
RolePrivilege,0,sample_data:1261,viewmypolicychanges,underwriter_asst
RolePrivilege,0,sample_data:1262,viewmyqueues,underwriter_asst
RolePrivilege,0,sample_data:1263,viewmyrenewals,underwriter_asst
RolePrivilege,0,sample_data:1264,viewmysubmissions,underwriter_asst
RolePrivilege,0,sample_data:1265,viewparticipants,underwriter_asst
RolePrivilege,0,sample_data:1266,viewpolchange,underwriter_asst
RolePrivilege,0,sample_data:1267,viewpolicyfile,underwriter_asst
RolePrivilege,0,sample_data:1268,viewprerenewal,underwriter_asst
RolePrivilege,0,sample_data:1269,viewreinstate,underwriter_asst
RolePrivilege,0,sample_data:1270,viewreinsuranceforpolicy,underwriter_asst
RolePrivilege,0,sample_data:1271,viewrenewal,underwriter_asst
RolePrivilege,0,sample_data:1272,viewrewrite,underwriter_asst
RolePrivilege,0,sample_data:1273,viewrewrnewacct,underwriter_asst
RolePrivilege,0,sample_data:1274,viewriskclaims,underwriter_asst
RolePrivilege,0,sample_data:1275,viewriskevalissues,underwriter_asst
RolePrivilege,0,sample_data:1276,viewriskpriorlosses,underwriter_asst
RolePrivilege,0,sample_data:1277,viewriskpriorpolicies,underwriter_asst
RolePrivilege,0,sample_data:1278,viewriskrefreasons,underwriter_asst
RolePrivilege,0,sample_data:1279,viewsubmission,underwriter_asst
RolePrivilege,0,sample_data:1280,viewworkplan,underwriter_asst
RolePrivilege,0,sample_data:1281,withdraw,underwriter_asst
RolePrivilege,0,sample_data:1282,abcreate,underwriter_supervisor
RolePrivilege,0,sample_data:1283,abdelete,underwriter_supervisor
RolePrivilege,0,sample_data:1284,abedit,underwriter_supervisor
RolePrivilege,0,sample_data:1285,abview,underwriter_supervisor
RolePrivilege,0,sample_data:1286,anytagcreate,underwriter_supervisor
RolePrivilege,0,sample_data:1287,anytagdelete,underwriter_supervisor
RolePrivilege,0,sample_data:1288,anytagedit,underwriter_supervisor
RolePrivilege,0,sample_data:1289,anytagview,underwriter_supervisor
RolePrivilege,0,sample_data:1290,abviewsearch,underwriter_supervisor
RolePrivilege,0,sample_data:1291,accountbilling,underwriter_supervisor
RolePrivilege,0,sample_data:1292,accountclaims,underwriter_supervisor
RolePrivilege,0,sample_data:1293,accountcontacts,underwriter_supervisor
RolePrivilege,0,sample_data:1294,accountcreate,underwriter_supervisor
RolePrivilege,0,sample_data:1295,accountdocs,underwriter_supervisor
RolePrivilege,0,sample_data:1296,accounthistory,underwriter_supervisor
RolePrivilege,0,sample_data:1297,accountmovepolicies,underwriter_supervisor
RolePrivilege,0,sample_data:1298,accountnotes,underwriter_supervisor
RolePrivilege,0,sample_data:1299,accountrelations,underwriter_supervisor
RolePrivilege,0,sample_data:1300,accountreopen,underwriter_supervisor
RolePrivilege,0,sample_data:1301,accountrewritepolicies,underwriter_supervisor
RolePrivilege,0,sample_data:1302,accountroles,underwriter_supervisor
RolePrivilege,0,sample_data:1303,accountsummary,underwriter_supervisor
RolePrivilege,0,sample_data:1304,accountwithdraw,underwriter_supervisor
RolePrivilege,0,sample_data:1305,accountworkorders,underwriter_supervisor
RolePrivilege,0,sample_data:1306,actapproveany,underwriter_supervisor
RolePrivilege,0,sample_data:1307,actcreate,underwriter_supervisor
RolePrivilege,0,sample_data:1308,acteditunowned,underwriter_supervisor
RolePrivilege,0,sample_data:1309,actmakemand,underwriter_supervisor
RolePrivilege,0,sample_data:1310,actown,underwriter_supervisor
RolePrivilege,0,sample_data:1311,actqueueassign,underwriter_supervisor
RolePrivilege,0,sample_data:1312,actqueuenext,underwriter_supervisor
RolePrivilege,0,sample_data:1313,actqueuepick,underwriter_supervisor
RolePrivilege,0,sample_data:1314,actraown,underwriter_supervisor
RolePrivilege,0,sample_data:1315,actraunown,underwriter_supervisor
RolePrivilege,0,sample_data:1316,actview,underwriter_supervisor
RolePrivilege,0,sample_data:1317,actviewallqueues,underwriter_supervisor
RolePrivilege,0,sample_data:1318,advancecancellation,underwriter_supervisor
RolePrivilege,0,sample_data:1319,advanceissuance,underwriter_supervisor
RolePrivilege,0,sample_data:1320,advancepolchange,underwriter_supervisor
RolePrivilege,0,sample_data:1321,advancereinstate,underwriter_supervisor
RolePrivilege,0,sample_data:1322,advancerenewal,underwriter_supervisor
RolePrivilege,0,sample_data:1323,advancerewrite,underwriter_supervisor
RolePrivilege,0,sample_data:1324,advancerewrnewacct,underwriter_supervisor
RolePrivilege,0,sample_data:1325,advancesubmission,underwriter_supervisor
RolePrivilege,0,sample_data:1326,affinitygroupadmin,underwriter_supervisor
RolePrivilege,0,sample_data:1327,archivedisable,underwriter_supervisor
RolePrivilege,0,sample_data:1328,archiveenable,underwriter_supervisor
RolePrivilege,0,sample_data:1329,authprofileassignedit,underwriter_supervisor
RolePrivilege,0,sample_data:1330,authprofileassignview,underwriter_supervisor
RolePrivilege,0,sample_data:1331,authprofileview,underwriter_supervisor
RolePrivilege,0,sample_data:1332,bindcancellation,underwriter_supervisor
RolePrivilege,0,sample_data:1333,bindissuance,underwriter_supervisor
RolePrivilege,0,sample_data:1334,bindpolchange,underwriter_supervisor
RolePrivilege,0,sample_data:1335,bindreinstate,underwriter_supervisor
RolePrivilege,0,sample_data:1336,bindrenewal,underwriter_supervisor
RolePrivilege,0,sample_data:1337,bindrewrite,underwriter_supervisor
RolePrivilege,0,sample_data:1338,bindrewrnewacct,underwriter_supervisor
RolePrivilege,0,sample_data:1339,bindsubmission,underwriter_supervisor
RolePrivilege,0,sample_data:1340,cancelcarriersource,underwriter_supervisor
RolePrivilege,0,sample_data:1341,cancelovereffdate,underwriter_supervisor
RolePrivilege,0,sample_data:1342,canceloverrefund,underwriter_supervisor
RolePrivilege,0,sample_data:1343,cancelreschedule,underwriter_supervisor
RolePrivilege,0,sample_data:1344,cancelrescind,underwriter_supervisor
RolePrivilege,0,sample_data:1345,contactclaims,underwriter_supervisor
RolePrivilege,0,sample_data:1346,copypolicydata,underwriter_supervisor
RolePrivilege,0,sample_data:1347,createaudit,underwriter_supervisor
RolePrivilege,0,sample_data:1348,createcancellation,underwriter_supervisor
RolePrivilege,0,sample_data:1350,createintnote,underwriter_supervisor
RolePrivilege,0,sample_data:1351,createissuance,underwriter_supervisor
RolePrivilege,0,sample_data:1352,createmanualuwissue,underwriter_supervisor
RolePrivilege,0,sample_data:1353,createpolchange,underwriter_supervisor
RolePrivilege,0,sample_data:1354,createreferralreason,underwriter_supervisor
RolePrivilege,0,sample_data:1355,createreinstate,underwriter_supervisor
RolePrivilege,0,sample_data:1356,createrenewal,underwriter_supervisor
RolePrivilege,0,sample_data:1357,createrewrite,underwriter_supervisor
RolePrivilege,0,sample_data:1358,createrewrnewacct,underwriter_supervisor
RolePrivilege,0,sample_data:1359,createsensnote,underwriter_supervisor
RolePrivilege,0,sample_data:1360,createsubmission,underwriter_supervisor
RolePrivilege,0,sample_data:1361,declinesubmission,underwriter_supervisor
RolePrivilege,0,sample_data:1362,delintdoc,underwriter_supervisor
RolePrivilege,0,sample_data:1363,delintnote,underwriter_supervisor
RolePrivilege,0,sample_data:1364,delsensdoc,underwriter_supervisor
RolePrivilege,0,sample_data:1365,delsensnote,underwriter_supervisor
RolePrivilege,0,sample_data:1366,splitpolicy,underwriter_supervisor
RolePrivilege,0,sample_data:1367,doccreate,underwriter_supervisor
RolePrivilege,0,sample_data:1368,docdelete,underwriter_supervisor
RolePrivilege,0,sample_data:1369,docedit,underwriter_supervisor
RolePrivilege,0,sample_data:1370,docview,underwriter_supervisor
RolePrivilege,0,sample_data:1371,editaccountcontacts,underwriter_supervisor
RolePrivilege,0,sample_data:1372,editaccountroles,underwriter_supervisor
RolePrivilege,0,sample_data:1373,editaccountsummary,underwriter_supervisor
RolePrivilege,0,sample_data:1374,editautosymbol,underwriter_supervisor
RolePrivilege,0,sample_data:1375,editcancellation,underwriter_supervisor
RolePrivilege,0,sample_data:1376,editintdoc,underwriter_supervisor
RolePrivilege,0,sample_data:1377,editintnote,underwriter_supervisor
RolePrivilege,0,sample_data:1378,editissuance,underwriter_supervisor
RolePrivilege,0,sample_data:1379,editjobroles,underwriter_supervisor
RolePrivilege,0,sample_data:1380,editlockoverride,underwriter_supervisor
RolePrivilege,0,sample_data:1381,editnonrenewexp,underwriter_supervisor
RolePrivilege,0,sample_data:1382,editpolchange,underwriter_supervisor
RolePrivilege,0,sample_data:1383,editpolicyroles,underwriter_supervisor
RolePrivilege,0,sample_data:1384,editprerenewal,underwriter_supervisor
RolePrivilege,0,sample_data:1385,editrateasofdate,underwriter_supervisor
RolePrivilege,0,sample_data:1386,editratingoverrides,underwriter_supervisor
RolePrivilege,0,sample_data:1387,editreinstate,underwriter_supervisor
RolePrivilege,0,sample_data:1388,editreinsurancefacagreement,underwriter_supervisor
RolePrivilege,0,sample_data:1389,editreinsuranceforpolicybasic,underwriter_supervisor
RolePrivilege,0,sample_data:1390,editrenewal,underwriter_supervisor
RolePrivilege,0,sample_data:1391,editrewrite,underwriter_supervisor
RolePrivilege,0,sample_data:1392,editrewrnewacct,underwriter_supervisor
RolePrivilege,0,sample_data:1393,editsensdoc,underwriter_supervisor
RolePrivilege,0,sample_data:1394,editsensnote,underwriter_supervisor
RolePrivilege,0,sample_data:1395,editsubmission,underwriter_supervisor
RolePrivilege,0,sample_data:1396,editwrittendate,underwriter_supervisor
RolePrivilege,0,sample_data:1397,formpatview,underwriter_supervisor
RolePrivilege,0,sample_data:1398,issue,underwriter_supervisor
RolePrivilege,0,sample_data:1399,issuerenewal,underwriter_supervisor
RolePrivilege,0,sample_data:1400,jobcopy,underwriter_supervisor
RolePrivilege,0,sample_data:1401,mergeaccounts,underwriter_supervisor
RolePrivilege,0,sample_data:1402,multicompquote,underwriter_supervisor
RolePrivilege,0,sample_data:1403,nonrenew,underwriter_supervisor
RolePrivilege,0,sample_data:1404,notecreate,underwriter_supervisor
RolePrivilege,0,sample_data:1405,notedelete,underwriter_supervisor
RolePrivilege,0,sample_data:1406,noteedit,underwriter_supervisor
RolePrivilege,0,sample_data:1407,noteeditbody,underwriter_supervisor
RolePrivilege,0,sample_data:1408,noteview,underwriter_supervisor
RolePrivilege,0,sample_data:1409,nottakensubmission,underwriter_supervisor
RolePrivilege,0,sample_data:1410,nottakerenewal,underwriter_supervisor
RolePrivilege,0,sample_data:1411,orgsearch,underwriter_supervisor
RolePrivilege,0,sample_data:1412,orgviewagency,underwriter_supervisor
RolePrivilege,0,sample_data:1413,orgviewbasic,underwriter_supervisor
RolePrivilege,0,sample_data:1414,orgviewextmgt,underwriter_supervisor
RolePrivilege,0,sample_data:1415,overridebilling,underwriter_supervisor
RolePrivilege,0,sample_data:1416,pfilebilling,underwriter_supervisor
RolePrivilege,0,sample_data:1417,pfilecontacts,underwriter_supervisor
RolePrivilege,0,sample_data:1418,pfiledetails,underwriter_supervisor
RolePrivilege,0,sample_data:1419,pfilepayments,underwriter_supervisor
RolePrivilege,0,sample_data:1420,pfilepricing,underwriter_supervisor
RolePrivilege,0,sample_data:1421,pfilesummary,underwriter_supervisor
RolePrivilege,0,sample_data:1422,pfileworkorders,underwriter_supervisor
RolePrivilege,0,sample_data:1423,polholdcreate,underwriter_supervisor
RolePrivilege,0,sample_data:1424,polholdedit,underwriter_supervisor
RolePrivilege,0,sample_data:1425,polholdelete,underwriter_supervisor
RolePrivilege,0,sample_data:1426,polholdview,underwriter_supervisor
RolePrivilege,0,sample_data:1427,prodcodeeditaddr,underwriter_supervisor
RolePrivilege,0,sample_data:1428,prodcodeviewbasic,underwriter_supervisor
RolePrivilege,0,sample_data:1429,purgedisable,underwriter_supervisor
RolePrivilege,0,sample_data:1430,purgeenable,underwriter_supervisor
RolePrivilege,0,sample_data:1431,quote,underwriter_supervisor
RolePrivilege,0,sample_data:1432,quotehideoverride,underwriter_supervisor
RolePrivilege,0,sample_data:1433,ratebookview,underwriter_supervisor
RolePrivilege,0,sample_data:1434,ratingworksheetview,underwriter_supervisor
RolePrivilege,0,sample_data:1435,rescheduleaudit,underwriter_supervisor
RolePrivilege,0,sample_data:1436,searchaccounts,underwriter_supervisor
RolePrivilege,0,sample_data:1437,searchactivities,underwriter_supervisor
RolePrivilege,0,sample_data:1438,searchcontacts,underwriter_supervisor
RolePrivilege,0,sample_data:1439,searchpols,underwriter_supervisor
RolePrivilege,0,sample_data:1440,searchprodcodes,underwriter_supervisor
RolePrivilege,0,sample_data:1441,selectnonrenew,underwriter_supervisor
RolePrivilege,0,sample_data:1442,sendemail,underwriter_supervisor
RolePrivilege,0,sample_data:1443,usereditlang,underwriter_supervisor
RolePrivilege,0,sample_data:1444,userroleassignmentbulkassign,underwriter_supervisor
RolePrivilege,0,sample_data:1445,uwreject,underwriter_supervisor
RolePrivilege,0,sample_data:1446,uwreopen,underwriter_supervisor
RolePrivilege,0,sample_data:1447,viewaccount,underwriter_supervisor
RolePrivilege,0,sample_data:1448,viewaccountholderinfo,underwriter_supervisor
RolePrivilege,0,sample_data:1449,viewaudit,underwriter_supervisor
RolePrivilege,0,sample_data:1450,viewbillingsystem,underwriter_supervisor
RolePrivilege,0,sample_data:1451,viewcancellation,underwriter_supervisor
RolePrivilege,0,sample_data:1452,viewclaimsystem,underwriter_supervisor
RolePrivilege,0,sample_data:1453,viewhist,underwriter_supervisor
RolePrivilege,0,sample_data:1454,viewintdoc,underwriter_supervisor
RolePrivilege,0,sample_data:1455,viewintnote,underwriter_supervisor
RolePrivilege,0,sample_data:1456,viewissuance,underwriter_supervisor
RolePrivilege,0,sample_data:1457,viewmodifiers,underwriter_supervisor
RolePrivilege,0,sample_data:1458,viewmyactivities,underwriter_supervisor
RolePrivilege,0,sample_data:1459,viewmypolicychanges,underwriter_supervisor
RolePrivilege,0,sample_data:1460,viewmyqueues,underwriter_supervisor
RolePrivilege,0,sample_data:1461,viewmyrenewals,underwriter_supervisor
RolePrivilege,0,sample_data:1462,viewmysubmissions,underwriter_supervisor
RolePrivilege,0,sample_data:1463,viewparticipants,underwriter_supervisor
RolePrivilege,0,sample_data:1464,viewpolchange,underwriter_supervisor
RolePrivilege,0,sample_data:1465,viewpolicyfile,underwriter_supervisor
RolePrivilege,0,sample_data:1466,viewprerenewal,underwriter_supervisor
RolePrivilege,0,sample_data:1467,viewratingoverrides,underwriter_supervisor
RolePrivilege,0,sample_data:1468,viewreinstate,underwriter_supervisor
RolePrivilege,0,sample_data:1469,viewreinsuranceforpolicy,underwriter_supervisor
RolePrivilege,0,sample_data:1470,viewrenewal,underwriter_supervisor
RolePrivilege,0,sample_data:1471,viewrestrictedclaim,underwriter_supervisor
RolePrivilege,0,sample_data:1472,viewrewrite,underwriter_supervisor
RolePrivilege,0,sample_data:1473,viewrewrnewacct,underwriter_supervisor
RolePrivilege,0,sample_data:1474,viewriskclaims,underwriter_supervisor
RolePrivilege,0,sample_data:1475,viewriskevalissues,underwriter_supervisor
RolePrivilege,0,sample_data:1476,viewriskpriorlosses,underwriter_supervisor
RolePrivilege,0,sample_data:1477,viewriskpriorpolicies,underwriter_supervisor
RolePrivilege,0,sample_data:1478,viewriskrefreasons,underwriter_supervisor
RolePrivilege,0,sample_data:1479,viewsensdoc,underwriter_supervisor
RolePrivilege,0,sample_data:1480,viewsensnote,underwriter_supervisor
RolePrivilege,0,sample_data:1481,viewsubmission,underwriter_supervisor
RolePrivilege,0,sample_data:1482,viewteam,underwriter_supervisor
RolePrivilege,0,sample_data:1483,viewworkplan,underwriter_supervisor
RolePrivilege,0,sample_data:1484,withdraw,underwriter_supervisor
RolePrivilege,0,sample_data:1485,workflowview,underwriter_supervisor
RolePrivilege,0,sample_data:1486,restorefromarchive,underwriter_supervisor
RolePrivilege,0,sample_data:1487,actcreate,user_admin
RolePrivilege,0,sample_data:1488,authprofileassignedit,user_admin
RolePrivilege,0,sample_data:1489,authprofileassignview,user_admin
RolePrivilege,0,sample_data:1490,authprofileview,user_admin
RolePrivilege,0,sample_data:1491,groupcreate,user_admin
RolePrivilege,0,sample_data:1492,groupdelete,user_admin
RolePrivilege,0,sample_data:1493,groupedit,user_admin
RolePrivilege,0,sample_data:1494,grouptreeview,user_admin
RolePrivilege,0,sample_data:1495,groupview,user_admin
RolePrivilege,0,sample_data:1496,manageldfctrs,user_admin
RolePrivilege,0,sample_data:1497,orgeditbasicex,user_admin
RolePrivilege,0,sample_data:1498,orgviewbasic,user_admin
RolePrivilege,0,sample_data:1499,prodcodeeditaddr,user_admin
RolePrivilege,0,sample_data:1500,prodcodeviewbasic,user_admin
RolePrivilege,0,sample_data:1501,searchprodcodes,user_admin
RolePrivilege,0,sample_data:1502,usercreate,user_admin
RolePrivilege,0,sample_data:1503,userdelete,user_admin
RolePrivilege,0,sample_data:1504,useredit,user_admin
RolePrivilege,0,sample_data:1505,usereditattrs,user_admin
RolePrivilege,0,sample_data:1506,usereditlang,user_admin
RolePrivilege,0,sample_data:1507,usergrantroles,user_admin
RolePrivilege,0,sample_data:1508,userroleassignmentbulkassign,user_admin
RolePrivilege,0,sample_data:1509,userview,user_admin
RolePrivilege,0,sample_data:1510,viewmyactivities,user_admin
RolePrivilege,0,sample_data:1511,viewteam,user_admin
RolePrivilege,0,sample_data:1512,restorefromarchive,user_admin
RolePrivilege,0,sample_data:1513,uwruleedit,superuser
RolePrivilege,0,sample_data:1514,uwruleview,superuser
RolePrivilege,0,sample_data:1515,uwruleimport,superuser
RolePrivilege,0,sample_data:1516,uwruleapprove,superuser
RolePrivilege,0,sample_data:1517,uwruledeploy,superuser
RolePrivilege,0,sample_data:1518,updateprodcodes,superuser
RolePrivilege,0,sample_data:1519,uwruleedit,rule_admin
RolePrivilege,0,sample_data:1520,uwruleview,rule_admin
RolePrivilege,0,sample_data:1521,uwruleapprove,rule_admin
RolePrivilege,0,sample_data:1522,uwruledeploy,rule_admin
RolePrivilege,0,sample_data:1523,uwruleimport,rule_admin
RolePrivilege,0,sample_data:1524,ruleedit,superuser
RolePrivilege,0,sample_data:1525,ruleview,superuser
RolePrivilege,0,sample_data:1526,ruleimport,superuser
RolePrivilege,0,sample_data:1527,ruleapprove,superuser
RolePrivilege,0,sample_data:1528,ruledeploy,superuser
RolePrivilege,0,sample_data:1529,editobfuscatedusercontact,data_protection_officer
RolePrivilege,0,sample_data:1530,editobfuscatedusercontact,superuser
RolePrivilege,0,sample_data:1531,requestcontactdestruction,data_protection_officer
RolePrivilege,0,sample_data:1532,requestcontactdestruction,superuser
RolePrivilege,0,sample_data:1533,lookuptableview,superuser
RolePrivilege,0,sample_data:1534,lookuptableview,rule_admin
RolePrivilege,0,sample_data:1535,lookuptableedit,superuser
RolePrivilege,0,sample_data:1536,lookuptableedit,rule_admin
RolePrivilege,0,sample_data:1537,exportproperties,superuser
RolePrivilege,0,sample_data:1538,deleteproperties,superuser
RolePrivilege,0,sample_data:1539,viewproperties,superuser
RolePrivilege,0,sample_data:1540,importproperties,superuser
RolePrivilege,0,sample_data:1541,editproperties,superuser
RolePrivilege,0,sample_data:1542,viewinboundfiles,superuser
RolePrivilege,0,sample_data:1543,editinboundfiles,superuser
RolePrivilege,0,sample_data:1544,outboundfiles,superuser
RolePrivilege,0,sample_data:1545,viewoutboundfiles,superuser
RolePrivilege,0,sample_data:1546,editoutboundfiles,superuser
