<?xml version="1.0"?>
<FieldValidators xmlns:xsi="http://www.w3.org/2001/XMLSchema-instance" xsi:noNamespaceSchemaLocation="../../xsd/metadata/fieldvalidation.xsd">
  <!-- Field Validator Definitions: -->
  <ValidatorDef description="Validator.ClaimNumber" input-mask="###-##-######" name="ClaimNumber" value="(CP-[0-9]{4})?([0-9]{3}-[0-9]{2}-[0-9]{6})?"/>
  <ValidatorDef description="Validator.Speed" format="#mph" input-mask="" name="Speed" value="[0-9]{1,3}([Mm][Pp][Hh])?"/>
  <ValidatorDef description="Validator.Phone" name="Phone" validation-type="gosu" value="gw.api.validation.PhoneValidator"/>
  <ValidatorDef description="Validator.Email" input-mask="" name="Email" value=".+@.+"/>
  <ValidatorDef description="Validator.Year" input-mask="" name="Year" value="[1-2]{1}[0-9]{3}?"/>
  <ValidatorDef description="Validator.SSN" input-mask="###-##-####" name="SSN" value="[0-9]{3}-[0-9]{2}-[0-9]{4}"/>
  <ValidatorDef description="Validator.FEIN" input-mask="##-#######" name="FEIN" value="[0-9]{2}-[0-9]{7}?"/>
  <ValidatorDef description="Validator.TaxID" input-mask="" name="TaxID" value="[0-9]{3}-[0-9]{2}-[0-9]{4}|[0-9]{2}-[0-9]{7}?"/>
  <ValidatorDef description="Validator.PolicyNumber" input-mask="" name="PolicyNumber" value=".+"/>
  <ValidatorDef description="Validator.VIN" input-mask="" name="VIN" value=".+"/>
  <ValidatorDef description="Validator.Money" input-mask="" name="Money" value="-?[0-9]{1,16}\.?[0-9]{0,2}"/>
  <ValidatorDef description="Validator.NonNegativeMoney" input-mask="" name="NonNegativeMoney" value="[0-9]{1,16}\.?[0-9]{0,2}"/>
  <ValidatorDef description="Validator.PositiveMoney" input-mask="" name="PositiveMoney" value="[1-9]{1,1}[0-9]{0,15}\.?[0-9]{0,2}"/>
  <ValidatorDef description="Validator.Risk" input-mask="" name="Risk" value="[0-9]{1,4}\.?[0-9]{0,2}"/>
  <ValidatorDef description="Validator.Exmod" input-mask="" name="Exmod" value="[0-9]{1,1}\.?[0-9]{0,4}"/>
  <ValidatorDef description="Validator.FirstName" input-mask="" name="FirstName" value=".+"/>
  <ValidatorDef description="Validator.LastName" input-mask="" name="LastName" value=".+"/>
  <ValidatorDef description="Validator.CoName" input-mask="" name="CoName" value=".+"/>
  <ValidatorDef description="Validator.EmploymentClassification" input-mask="######" name="EmploymentClassification" value="[0-9]{6}?"/>
  <ValidatorDef ceiling="100" description="Validator.LoadFactor" floor="0" name="LoadFactor" value="[0-9]+"/>
  <ValidatorDef ceiling="7" description="Validator.DaysWorkedWeek" floor="0.1" input-mask="" name="DaysWorkedWeek" value="[0-7](\.[0-9])?"/>
  <ValidatorDef ceiling="24" description="Validator.HoursWorkedDay" floor="1" name="HoursWorkedDay" value="[0-9]+"/>
  <ValidatorDef description="Validator.Account" input-mask="" name="Account" value=".+"/>
  <ValidatorDef description="Validator.AddressLine" input-mask="" name="AddressLine" value=".+"/>
  <ValidatorDef description="Validator.Rate" input-mask="" name="Rate" value="[0-9]{1,10}\.?[0-9]{0,4}"/>
  <ValidatorDef description="Validator.RatingLineBasisAmount" input-mask="" name="RatingLineBasisAmount" value="-?[0-9]{1,20}\.?[0-9]{0,2}"/>
  <ValidatorDef description="Validator.ProrationFactor" input-mask="" name="ProrationFactor" value="[0-9]{1,1}\.?[0-9]{0,4}"/>
  <ValidatorDef description="Validator.CreditCardNumber" input-mask="" name="CreditCardNumber" value="[0-9]{4}-[0-9]{4}-[0-9]{4}-[0-9]{4}|[0-9]{4}-[0-9]{6}-[0-9]{5}"/>
  <ValidatorDef description="Validator.DunAndBradstreetNumber" input-mask="" name="DunAndBradstreetNumber" value="[0-9]{2}-[0-9]{3}-[0-9]{4}"/>
  <ValidatorDef description="Validator.PriceFactor" floor="0.0" input-mask="" name="PriceFactor" value="[0-9]{1,2}\.?[0-9]{0,2}"/>
  <ValidatorDef description="Validator.NAICCode" input-mask="####-#####" name="NAICCode" value="[0-9]{4}-[0-9]{5}?"/>
  <ValidatorDef description="Validator.ExchangeRate" input-mask="" name="ExchangeRate" value="[0-9]{0,1}\.?[0-9]{0,6}"/>
  <ValidatorDef description="Validator.APDCode" input-mask="" name="APDCode" value="[A-Za-z0-9][A-Za-z0-9$_]*"/>
  <ValidatorDef description="Validator.APDName" input-mask="" name="APDName" value="[A-Z][A-Za-z0-9$_]*"/>
</FieldValidators>
